,M_list_1,Average_list_1,F_mu_list_1,A_mu_list_1,M_list_2,Average_list_2,F_mu_list_2,A_mu_list_2
0,8.291429,0.25293598,1.8578613,2.4840643,1.2558731,0.41289836,2.2442167,2.8434587
1,10.295442,0.26176995,1.8579926,1.7724085,1.2086322,0.41807204,2.2424345,2.65461
2,9.206508,0.24826078,1.8579366,2.009896,1.170824,0.40733284,2.2411761,2.751377
3,11.588903,0.25467724,1.8579907,1.5794431,1.4570767,0.41336736,2.2401454,2.676199
4,9.063422,0.26621982,1.857913,1.9075279,1.3867617,0.41814232,2.240013,2.9204392
5,10.883743,0.25869334,1.8581779,1.6956401,1.2963778,0.41218328,2.2391987,3.1149955
6,10.676681,0.26031166,1.8580834,1.7261903,1.2174373,0.4115421,2.2391636,2.7942638
7,8.03345,0.2630778,1.8581378,1.76461,1.1211323,0.41799515,2.2399633,3.0092294
8,9.710257,0.25139472,1.8583825,1.7711197,1.6005367,0.4096776,2.2393186,2.5149567
9,11.726559,0.2690363,1.8584875,1.5513299,1.8821507,0.42283973,2.2392673,2.7637486
10,8.567128,0.2723758,1.8582045,2.1605287,1.4516813,0.42466766,2.240029,2.6859803
11,9.872059,0.26154095,1.8582255,2.0894778,1.800352,0.42037803,2.2384152,2.7882047
12,9.515792,0.2649445,1.8582987,1.8202329,2.0694368,0.41855088,2.2387323,2.8764641
13,10.548137,0.25525153,1.8583205,1.704985,1.5130136,0.41159648,2.2389479,3.2648015
14,9.338011,0.25336143,1.8579476,1.9259977,1.3218907,0.40967703,2.2386897,2.9765155
15,10.601584,0.25595614,1.8578194,1.6105858,1.5744749,0.4159915,2.2385387,2.394651
16,8.144035,0.25687778,1.8580388,1.9769894,1.5445728,0.4150712,2.2386055,2.5970247
17,9.262529,0.26204237,1.8582729,2.017657,1.7789707,0.4196039,2.2406025,2.8506992
18,10.957053,0.26132795,1.8574915,1.5501662,1.5730649,0.41660994,2.2413023,2.5781767
19,7.3737946,0.25621998,1.8577392,1.8895364,1.37886,0.41310424,2.2399502,2.8754969
20,10.432385,0.27280006,1.8570266,1.5968529,1.1967893,0.42242298,2.2403498,2.9171424
21,8.039096,0.26599526,1.8572215,2.1037793,1.4621723,0.41561538,2.2386081,2.6769576
22,8.195243,0.24288128,1.8568941,1.771986,1.2316216,0.4087656,2.2379231,2.3686929
23,9.880731,0.25324404,1.85702,1.9336518,1.1331894,0.4124692,2.2374315,2.9306931
24,10.62011,0.26359636,1.8569653,1.7698628,1.591051,0.4133659,2.2372224,3.6224174
25,8.15886,0.26057327,1.8571658,2.2854404,1.7120401,0.41227284,2.2369719,2.8232486
26,9.393183,0.2581375,1.8572447,2.0819504,1.5690238,0.4137702,2.2354174,3.1665273
27,8.858457,0.2543586,1.8573674,2.2327654,1.5567181,0.40749288,2.2353644,2.7994823
28,11.741892,0.2518546,1.8570966,1.5309191,1.7088798,0.41064095,2.235098,2.522214
29,10.2534685,0.25413045,1.8569226,1.8139334,2.0847864,0.4062713,2.2361429,2.8347645
30,9.68081,0.25759602,1.856458,1.9173722,1.3919058,0.41120186,2.2351992,3.2399342
31,12.865911,0.25945854,1.856434,1.3888383,1.2667543,0.41471186,2.2344542,2.9484406
32,6.9154263,0.25135344,1.8565928,2.13739,1.5757225,0.4099725,2.23303,2.552357
33,10.89991,0.25340062,1.8562899,1.661497,1.2488158,0.40688905,2.2334166,3.5208294
34,6.1522427,0.25095096,1.8561627,1.9378146,1.0221862,0.41219696,2.2320602,3.1067529
35,9.104889,0.2668836,1.856118,1.9107351,1.3826405,0.41964507,2.2317224,2.6380038
36,10.612291,0.25309163,1.8561119,1.7851897,1.3895181,0.40586883,2.2320032,2.9923863
37,11.27249,0.26393384,1.8559122,1.6475232,1.3772225,0.41193765,2.2305276,3.0725474
38,11.467121,0.25658292,1.8567605,1.4789747,0.9185052,0.41258755,2.230121,3.2411425
39,9.51773,0.25106576,1.8561839,2.050378,1.416889,0.40342522,2.2315803,3.078217
40,7.684816,0.2522443,1.8559147,1.9904562,1.0944971,0.40870857,2.2295146,2.860504
41,10.866193,0.2670871,1.8560035,1.678206,1.3397936,0.41902915,2.2284148,2.666231
42,10.220967,0.25952533,1.855585,1.8060371,1.4705385,0.41571212,2.2271972,3.0725772
43,10.289722,0.26372787,1.8561791,1.8478863,1.5281171,0.4202036,2.2257192,3.107774
44,10.609304,0.25573546,1.8560791,1.8250997,1.2148839,0.4128883,2.2246597,3.5158677
45,9.504453,0.25498134,1.8560919,1.8741544,1.370296,0.41065675,2.2239344,2.380079
46,9.723716,0.2608861,1.8565537,1.8216804,2.106505,0.41200447,2.2252345,2.6855307
47,12.0259,0.26591277,1.8563558,1.5020385,1.7001506,0.41978437,2.2265024,2.4284403
48,10.353525,0.26551285,1.8558958,1.7996042,1.6479548,0.41478157,2.2262022,2.542765
49,10.608316,0.2746042,1.8556131,1.8911414,1.4156413,0.4270199,2.2247066,2.9528687
50,9.850987,0.2568774,1.85516,1.8295138,1.8620751,0.4139865,2.2255383,2.9417703
51,8.009217,0.25800192,1.8553656,1.8111901,1.0638566,0.41566247,2.2243986,2.9534519
52,9.200076,0.26218542,1.855061,1.8813132,1.406897,0.4221774,2.225012,2.6683598
53,10.008158,0.26191851,1.8551515,1.8223909,1.0912555,0.416891,2.2248268,3.4224353
54,9.187826,0.25927275,1.8555417,2.0969822,1.3203454,0.41075033,2.2256405,2.889578
55,13.028561,0.25674123,1.8554342,1.3098974,1.1622407,0.4117292,2.2250752,2.7349129
56,11.426667,0.26659492,1.8560543,1.5104752,1.2898873,0.41801184,2.2234926,3.4700282
57,11.361165,0.2526342,1.8560288,1.566078,1.4399301,0.41151935,2.2241452,3.6955948
58,9.285119,0.26393026,1.8560001,1.8873199,1.3941625,0.41834754,2.2229948,2.606922
59,10.212335,0.25507414,1.8561971,1.8575519,1.9363749,0.41493043,2.2228086,2.4976537
60,9.58747,0.2610577,1.8558409,2.029451,1.428505,0.41549763,2.2223494,3.02712
61,13.276197,0.2584205,1.8554097,1.3829148,1.0292838,0.41507903,2.2220087,3.2544873
62,11.178004,0.2607033,1.8556122,1.6150814,1.0128602,0.41500002,2.221666,3.2400582
63,11.301502,0.26343095,1.8557717,1.8199747,1.5575812,0.4118173,2.2222989,2.780678
64,9.622287,0.26184234,1.8560004,1.9170835,1.2238605,0.42171168,2.2206101,3.1064827
65,9.949959,0.2578827,1.8559158,1.7397758,1.7810988,0.41341025,2.220867,2.8554585
66,9.875398,0.2687584,1.8553522,1.7274493,1.5636249,0.42345992,2.2203267,2.842303
67,11.802152,0.26238877,1.8550653,1.4912996,0.6702803,0.41464633,2.2209175,3.8613431
68,9.829721,0.25541717,1.8545424,1.871042,1.6310782,0.40961522,2.221218,2.7440755
69,10.617211,0.25354373,1.8536847,1.769679,1.4962288,0.41194287,2.2238028,2.7079594
70,11.957577,0.25490487,1.8539375,1.4458985,1.5894374,0.40714788,2.2228622,2.917931
71,10.328926,0.2512925,1.8539842,1.7822112,1.3966676,0.40562266,2.2224078,2.9389257
72,10.667888,0.25550592,1.8539006,1.8077636,1.3460143,0.41128856,2.2222095,3.2087228
73,8.021104,0.25919396,1.8538799,1.8200737,1.3779651,0.4150366,2.222368,2.3687978
74,8.221853,0.27004665,1.8532764,2.329954,1.5169469,0.42408627,2.2227626,2.6908727
75,8.544319,0.25777775,1.8531194,1.8168896,1.0556148,0.41543037,2.2215128,2.7525795
76,8.814836,0.25339144,1.8528539,1.7013496,0.95935774,0.4109497,2.2201216,3.0397756
77,11.910439,0.26128608,1.8527309,1.4618833,1.452108,0.416955,2.2211623,2.7610707
78,8.851606,0.25287092,1.8527652,2.087349,1.8352411,0.40640897,2.2209318,2.5796998
79,9.826586,0.2572866,1.8522986,1.8363532,1.8337884,0.41639915,2.2205176,2.5282178
80,10.122421,0.2632273,1.852322,1.7341443,1.7017062,0.41723865,2.220967,2.6917343
81,7.85949,0.25024933,1.8521048,1.8040748,1.6021991,0.40997905,2.2202332,2.375095
82,9.479828,0.26627252,1.8521813,1.9756762,1.7001342,0.4195907,2.220808,3.1165965
83,10.931251,0.25741547,1.8520002,1.5606239,1.2588001,0.40884042,2.2201672,3.488037
84,10.174191,0.25707674,1.8517984,1.7714894,1.5658802,0.41265434,2.2209682,2.8952615
85,8.153914,0.24421296,1.8521302,2.1043801,1.2039781,0.40391055,2.2202194,2.9641461
86,11.250416,0.2674622,1.8515702,1.4727422,1.6543287,0.41880313,2.2193248,2.3744535
87,8.733773,0.2636497,1.8513529,2.169131,1.099454,0.41496104,2.2192106,3.2783432
88,9.849233,0.26431906,1.8514928,1.8587772,1.6666763,0.41648856,2.2191374,2.5363016
89,7.3497376,0.2591796,1.8509021,1.8793167,1.1091955,0.4165985,2.21937,3.329452
90,9.008656,0.24765229,1.8507904,1.9968817,1.3258828,0.40404946,2.218884,3.0615535
91,9.611766,0.25978705,1.8507179,1.9333004,1.5739307,0.41162807,2.2180362,2.9987035
92,10.245962,0.26718915,1.8504114,1.6975619,1.3942015,0.41863656,2.2176793,2.7148302
93,10.569724,0.2505632,1.8503214,1.652845,1.6031715,0.40912884,2.215673,2.6260853
94,10.561967,0.25502208,1.8498048,1.8013723,1.5072608,0.41187906,2.2157097,2.8494787
95,8.851532,0.26031667,1.8493526,1.7768432,1.4574547,0.4199747,2.2160025,2.3737981
96,8.213295,0.26420465,1.8500555,2.3809612,1.5791229,0.4171546,2.215656,2.6813707
97,10.890042,0.2661031,1.8500874,1.642462,1.3741486,0.42214388,2.2137675,3.205545
98,13.244405,0.26341513,1.849778,1.374669,0.955249,0.4170805,2.2130406,3.284628
99,8.826904,0.24781989,1.8501478,1.9903684,1.5308127,0.40459633,2.2126207,2.394282
100,11.358407,0.26358122,1.8499696,1.6261607,1.3293451,0.4161345,2.212113,3.3079376
101,8.746387,0.26561308,1.8500242,2.0544817,1.255877,0.42225766,2.212975,2.844722
102,9.764012,0.26407295,1.8492146,1.8389629,1.4366478,0.41621137,2.2141252,3.0530639
103,9.948408,0.2552015,1.8492738,1.7467448,1.5807998,0.41493875,2.2140465,2.914493
104,9.897031,0.26095217,1.8489165,1.9156619,1.3177842,0.41381922,2.2147288,3.1939616
105,10.631369,0.2551801,1.8490419,1.7412989,1.686443,0.41115183,2.2143145,2.615467
106,9.194788,0.25199768,1.8492163,1.9382339,1.6728853,0.41196617,2.2133267,2.9034953
107,7.485765,0.25699535,1.8493736,2.512239,1.2768484,0.41403714,2.2119179,3.2381852
108,9.408538,0.2578766,1.8490378,1.6505114,1.2767693,0.41404027,2.2105978,2.3897555
109,11.212966,0.26469228,1.8486673,1.6484731,1.5557417,0.4204834,2.2109017,2.8755238
110,6.290932,0.26450458,1.8486785,2.6040359,1.2210417,0.42101288,2.2115855,2.6242292
111,11.0873575,0.25791407,1.8486595,1.652233,1.4831991,0.4165833,2.210769,2.8461542
112,9.908116,0.2604044,1.8480767,1.7736634,1.7454091,0.41936788,2.2103686,2.611393
113,9.867343,0.25622797,1.8475921,1.9044138,1.703165,0.41217428,2.2119937,2.6684463
114,8.475244,0.26286852,1.84768,2.223628,1.5758569,0.41588506,2.2116613,2.64881
115,6.7635756,0.26043105,1.8472441,1.9702469,1.5678488,0.41561145,2.2117493,2.446044
116,9.970127,0.24044336,1.8469691,1.92805,1.5735064,0.39632058,2.211846,3.1694858
117,10.263627,0.25308686,1.8467057,1.964463,1.5731552,0.41590682,2.2118838,3.1291807
118,10.148467,0.2685132,1.8463346,1.9043989,1.4305415,0.42207965,2.2114856,3.7870922
119,10.8620615,0.25291556,1.8462965,1.9348289,1.4961404,0.40899682,2.2117157,2.9428542
120,9.474544,0.25886747,1.84638,1.896358,1.5849786,0.41575265,2.2111928,2.8795402
121,8.933768,0.244577,1.8457392,1.8679638,1.2646515,0.40565747,2.2100794,2.905185
122,12.579854,0.2583952,1.8454219,1.4633166,1.6971036,0.41244048,2.2108119,2.8009064
123,10.594728,0.26580918,1.8453939,1.8472577,1.6255482,0.41463462,2.211406,2.736575
124,10.809959,0.26792657,1.8455819,1.6146702,1.4508942,0.42076707,2.2114246,3.093799
125,12.88462,0.2643933,1.8456444,1.4209365,1.6201779,0.41984424,2.2094717,2.36269
126,10.231228,0.2628018,1.8450365,1.7217443,1.5495541,0.4172821,2.2104354,2.819858
127,9.147977,0.2585989,1.8452042,2.0581853,1.6606436,0.4139978,2.2101758,2.835292
128,9.748994,0.2601983,1.8449005,1.993588,1.2749135,0.41437608,2.2106202,2.838787
129,10.130271,0.26168168,1.8451263,1.7529348,1.4832814,0.41743192,2.211437,2.514906
130,11.151704,0.2545951,1.8457018,1.8286954,1.263892,0.4057451,2.211517,3.46672
131,10.216374,0.26293314,1.8454123,1.7415192,1.7267227,0.41743422,2.211562,3.4158192
132,7.914082,0.27419788,1.8454305,2.2214787,1.523889,0.42592382,2.2108936,2.6307235
133,10.192774,0.26078683,1.8454531,1.8107754,1.9123131,0.41421932,2.2108488,2.6362908
134,9.328637,0.2622138,1.8453871,2.3774931,1.670859,0.4116234,2.209571,2.9670327
135,9.536429,0.25857806,1.8451408,1.9144716,1.2706,0.41364136,2.2078528,2.9241
136,7.2097883,0.26873562,1.8452051,1.8772799,1.0057771,0.41928715,2.207293,3.0877266
137,11.407794,0.26066566,1.8451322,1.5766,1.3016188,0.41658026,2.206613,2.5952132
138,11.466812,0.26140288,1.8450406,1.676615,1.7946314,0.41479486,2.2067819,2.6429923
139,9.718319,0.25067624,1.8448318,1.9304688,1.430268,0.4099614,2.206354,2.682182
140,10.716569,0.26479146,1.8452685,1.6002907,1.5346345,0.41587633,2.2069218,2.8774023
141,9.742055,0.26079085,1.8450422,1.6545008,1.9108852,0.41271472,2.2063055,2.645016
142,9.920468,0.25634968,1.8449925,1.7610447,1.5752835,0.41421884,2.2055376,2.510222
143,12.675108,0.25026795,1.8447272,1.3877654,1.2278221,0.4040366,2.2052853,3.3960764
144,10.32805,0.25277856,1.8453099,1.8161906,1.7106167,0.4057867,2.2055254,2.4143996
145,9.278774,0.2671623,1.8454267,1.7808739,1.2817897,0.42137155,2.2050478,2.9813538
146,8.896776,0.2576316,1.8455026,2.0488918,1.4047716,0.41458267,2.205791,3.5048308
147,9.139964,0.2541742,1.8449559,2.1146402,1.3259723,0.40749675,2.2070053,2.7238994
148,9.495375,0.25474277,1.8451176,1.8999518,1.3900219,0.41089147,2.2056806,2.797487
149,8.1657295,0.24910384,1.8452011,2.1331027,1.4485676,0.40994826,2.205377,2.852936
150,10.82681,0.2670097,1.8452165,1.6801056,1.3968917,0.42217103,2.20586,3.0864017
151,9.825844,0.25603682,1.8448391,1.8349861,1.4162209,0.4072507,2.2054698,2.9427626
152,12.095004,0.2636135,1.8444402,1.648793,1.1928247,0.4151507,2.2072012,3.1058497
153,9.553575,0.26153743,1.8445911,1.9605258,2.0109134,0.41468987,2.2066867,2.4401908
154,9.122044,0.25748935,1.844511,2.0088942,1.4218696,0.41441065,2.2063808,2.6566648
155,10.26868,0.24922995,1.8447131,1.7249352,1.2410204,0.40559095,2.2040854,3.00015
156,9.346997,0.24975345,1.8444837,1.9708303,1.164465,0.40448666,2.202685,3.4041255
157,7.5668635,0.25204137,1.8437843,2.3903663,1.8323827,0.40796846,2.2024462,2.6183107
158,10.497719,0.25341257,1.8440439,1.7278771,1.4970242,0.40801865,2.2030363,2.836971
159,10.284086,0.2647958,1.844178,1.7324464,1.6644938,0.4180405,2.2017295,2.483656
160,11.622573,0.25250447,1.8443861,1.5818107,1.1616613,0.40938288,2.2020547,3.1817951
161,11.290488,0.25981224,1.8443774,1.5705408,1.756299,0.41415644,2.202533,2.447255
162,10.457058,0.24552274,1.8445709,1.8309188,1.7628974,0.40899992,2.2013602,2.693296
163,11.278213,0.26035646,1.8450062,1.6534096,1.269142,0.4184156,2.1993248,3.2043216
164,7.8192,0.25156748,1.8444996,1.8655498,1.4081529,0.41031224,2.2010748,2.9050336
165,8.600757,0.25193703,1.8446686,2.1443183,1.8327059,0.40963158,2.2014644,2.6683261
166,8.7975645,0.26920742,1.8445534,2.0208418,1.6626084,0.4227059,2.2002246,2.79855
167,9.523871,0.2633795,1.8447548,1.9527147,1.5282792,0.42017016,2.200574,2.7610316
168,9.214869,0.26982304,1.8449535,2.0519776,1.4564804,0.42125946,2.2003465,2.9128644
169,10.666593,0.26021627,1.8449404,1.739768,1.537363,0.41618466,2.1994843,2.9929888
170,8.053142,0.25709873,1.8449208,2.0186725,1.555143,0.41418424,2.199355,2.4401171
171,9.9486,0.26234522,1.8445917,1.9144673,1.2547778,0.41458073,2.1989625,3.4052835
172,6.6127024,0.2604973,1.8446952,1.90031,1.3161916,0.4159239,2.198392,2.3056092
173,9.62768,0.26018775,1.8449527,2.1032963,1.3532821,0.4201694,2.197336,3.0450337
174,7.9619827,0.2569889,1.844829,2.1059434,1.6502863,0.41375583,2.1962233,2.3549283
175,7.8820567,0.2549185,1.8451742,2.3074481,1.6261349,0.41171756,2.1963723,2.6916864
176,11.354498,0.25171638,1.8451108,1.8255451,1.4412562,0.40633097,2.195736,3.1807868
177,9.484798,0.25404093,1.8450482,1.8216512,1.7222047,0.4153431,2.1968162,2.2847474
178,7.226746,0.25310755,1.844866,1.8983628,1.4402775,0.41228947,2.1964695,2.4888856
179,11.186209,0.25909832,1.8445809,1.6537495,1.2181501,0.41507807,2.1967618,3.0002632
180,12.184076,0.26998922,1.8445201,1.4537998,1.2946492,0.42327517,2.1956336,2.9383516
181,11.028389,0.26003104,1.8436908,1.7368214,1.3207998,0.41282123,2.1970758,3.302481
182,13.089207,0.25328612,1.8439881,1.3880436,1.907599,0.41170684,2.1962452,2.425484
183,8.733501,0.2649517,1.8432422,2.1484396,1.332309,0.4229783,2.1966224,2.7645156
184,11.180916,0.26441586,1.8435167,1.6660986,1.4113438,0.41669124,2.1958027,3.1354575
185,9.676403,0.24823023,1.8436071,1.8331703,1.4795337,0.40787753,2.1961613,2.8979657
186,9.953405,0.25764817,1.8427861,1.9200662,1.4157423,0.4135232,2.1961977,2.8699474
187,8.825849,0.25337586,1.8427255,2.0054522,1.6163276,0.41185445,2.19572,2.798827
188,9.643422,0.2682601,1.8425819,1.9781651,1.5852181,0.42057672,2.1964924,2.9034667
189,12.039434,0.26430866,1.8422315,1.46497,1.894253,0.4145445,2.1967933,2.553678
190,8.605735,0.24591815,1.8422881,1.7244227,1.8251255,0.40546146,2.1959321,2.0815408
191,8.652643,0.27077857,1.8422946,2.1275759,1.8309375,0.4208575,2.1957266,2.5159364
192,10.314104,0.25210908,1.842344,1.8071604,1.6036686,0.40970764,2.1956542,2.9508784
193,9.128872,0.26143694,1.8423836,1.8145355,1.268765,0.4162941,2.19565,2.6937606
194,8.08583,0.25909036,1.8423308,2.0946977,1.8998735,0.4145229,2.1952524,2.3661022
195,11.710036,0.26031056,1.8418996,1.7493947,1.3954177,0.41382724,2.1930983,3.1832888
196,11.7480345,0.26111385,1.8420038,1.5670545,1.705538,0.41965562,2.1920025,2.6687236
197,8.643509,0.25989985,1.8423743,1.9362003,1.1005721,0.4175632,2.1905322,2.6730504
198,11.258563,0.25505355,1.8426738,1.6581433,1.6357119,0.41636333,2.1900036,2.3530307
199,11.710981,0.25717467,1.8425227,1.6073501,1.4390583,0.41214925,2.190877,2.6869698
200,8.625185,0.25259408,1.842528,2.2499106,1.9937578,0.40933037,2.1905901,2.7207825
201,11.655887,0.25228876,1.8424649,1.5328537,1.1501517,0.41007367,2.1903126,3.3827643
202,10.191288,0.25370115,1.8419724,1.8639959,1.746746,0.4126436,2.1898754,2.4356375
203,12.135476,0.24796534,1.8419918,1.4827901,1.6794351,0.41215748,2.190176,2.6925936
204,8.701961,0.26083633,1.8422664,1.8032104,1.3714797,0.41561547,2.1889641,2.5745366
205,8.544496,0.2501372,1.8418717,2.194195,1.7334838,0.41108766,2.1893618,2.467198
206,10.903619,0.26265275,1.8420433,1.6625991,1.856785,0.4145824,2.1897304,2.59273
207,10.077878,0.26095998,1.8419671,1.8514047,1.6282235,0.41516915,2.1878586,2.9425528
208,11.432887,0.24901004,1.8420382,1.5806942,1.61292,0.4068293,2.1879604,2.5871232
209,9.777498,0.24890593,1.8423827,1.5911335,0.81384313,0.40898305,2.1893919,3.1763835
210,10.692598,0.26687583,1.8422436,1.7571503,1.2786744,0.42068988,2.1886594,3.0405662
211,10.038444,0.2597241,1.8412604,1.9564718,1.3173444,0.41246882,2.1889493,2.7996492
212,8.869618,0.26097035,1.8411092,2.307608,1.5713428,0.41793165,2.188348,3.0179584
213,8.319834,0.25575197,1.8409545,2.126898,1.4812987,0.4140953,2.1887448,2.7547529
214,8.205862,0.26609457,1.8411423,1.8181951,1.4966232,0.42171922,2.1891701,2.4975348
215,10.536256,0.27234867,1.8412846,1.7400756,1.6441871,0.42800927,2.188533,2.5485818
216,8.170384,0.25016758,1.8414743,2.177892,1.4024575,0.4058345,2.1882932,2.5072565
217,7.9820137,0.2619144,1.8409193,2.2380805,2.0404248,0.41538706,2.1885805,3.1092594
218,10.452472,0.26546034,1.840561,1.6448374,1.4509599,0.4218254,2.1879704,2.9563835
219,9.744374,0.26370296,1.8402021,1.9927421,1.6721371,0.41769585,2.188457,2.916811
220,10.976656,0.25586838,1.8405098,1.7140168,1.3153974,0.41647166,2.1874366,2.520841
221,7.694034,0.27402315,1.8406925,1.8646835,1.1720794,0.42756462,2.1869788,2.8331742
222,10.137244,0.26156262,1.8403924,1.8875123,1.5180538,0.4177258,2.186245,3.2481275
223,10.575482,0.2574734,1.8397441,1.7968092,1.3925133,0.4142592,2.186309,2.9901686
224,7.732408,0.2446226,1.8397079,1.8273772,1.0695989,0.40578127,2.1863122,2.809365
225,10.894717,0.2588354,1.8393565,1.6960527,1.6190493,0.4138464,2.186031,2.756565
226,10.207572,0.2529611,1.8390667,1.8278911,1.5389321,0.40756106,2.1870477,2.960081
227,11.048057,0.25972116,1.8393062,1.6538436,1.4986277,0.413901,2.1869764,3.1396513
228,10.982138,0.25825146,1.8390739,1.6813126,1.7261788,0.41600165,2.1898463,2.9786263
229,10.406818,0.27011117,1.8393139,1.8312417,1.7985845,0.42183137,2.1900885,2.4652536
230,8.547609,0.26142114,1.8385756,2.322758,1.5287055,0.41410655,2.1903713,3.3175867
231,6.711004,0.25836736,1.838426,1.9210671,1.1233181,0.41435608,2.1891773,2.7579377
232,9.73602,0.27269852,1.8382131,2.140381,1.4691223,0.4193636,2.189736,3.2327738
233,12.626805,0.26011539,1.8379319,1.4857602,1.3898095,0.41373315,2.1907692,2.6419642
234,10.718359,0.26567382,1.8377275,1.8816724,1.6395375,0.41422877,2.189856,3.1969368
235,10.055444,0.25036642,1.8379081,1.8731478,2.0012672,0.40871477,2.1908164,2.2441823
236,11.985437,0.25442266,1.837759,1.6323488,1.5889752,0.40830794,2.1906717,3.0184867
237,11.578268,0.2591759,1.8379369,1.5678656,1.510961,0.41226688,2.1903296,2.7364528
238,12.363697,0.25514114,1.8379325,1.4626526,1.2065724,0.4084661,2.1899471,3.2593267
239,9.580111,0.26312485,1.8378334,1.8380703,1.5764447,0.414042,2.189443,2.5703347
240,11.506205,0.25388253,1.8380643,1.6382065,1.7353221,0.4126181,2.1893284,2.2556
241,9.579832,0.25680697,1.8380548,2.0691128,1.4925965,0.4124528,2.1889887,2.6993277
242,11.2777815,0.26098853,1.8380239,1.7239429,1.1010823,0.41837794,2.1887336,3.0360556
243,7.7741747,0.26787302,1.8373609,1.8140823,1.2886825,0.41497976,2.1885078,2.3791668
244,12.032498,0.26152754,1.8373604,1.5512941,1.3445417,0.41327897,2.188723,3.3371532
245,10.321026,0.2626104,1.8373784,1.9437101,2.3831983,0.4132378,2.1884985,2.914526
246,7.3001814,0.260464,1.8370291,1.8724811,1.2347411,0.4162851,2.1883063,2.2258015
247,11.511895,0.26594225,1.8365842,1.7395438,1.5747333,0.418575,2.18817,2.6012795
248,8.33557,0.26680455,1.8362948,2.2170577,2.0402575,0.41577864,2.1892645,2.8753483
249,10.2499275,0.26367608,1.8359197,1.9215162,1.7609177,0.41574702,2.1879888,3.168666
250,12.564559,0.26630902,1.8362081,1.5630468,1.9026029,0.41895685,2.1876786,2.6803777
251,7.702816,0.25429845,1.8361295,2.177624,1.349159,0.4109985,2.1877723,3.1030116
252,9.669733,0.26435763,1.8363883,2.0641503,1.6638919,0.41330132,2.1877024,2.8430924
253,10.080387,0.2609084,1.8365145,1.8054318,1.540421,0.41647348,2.1863482,2.6640105
254,10.489281,0.26238465,1.8360622,1.7464948,2.2915416,0.41498104,2.1873212,2.5115294
255,9.873216,0.26747552,1.8355641,2.1358044,2.1454356,0.42109078,2.1872652,2.8654165
256,11.456066,0.26149106,1.8354508,1.5367538,2.168943,0.41298398,2.186437,2.1720006
257,10.174896,0.25545368,1.835658,1.775502,1.500034,0.40974146,2.1874487,2.8750615
258,9.5661745,0.25796887,1.8357712,1.8586293,2.0559216,0.41172892,2.1874852,2.275603
259,12.554241,0.26878172,1.8360106,1.4155588,1.0492908,0.41836342,2.188148,3.4216442
260,8.10558,0.25751495,1.8355256,2.4851935,1.6671554,0.40782753,2.1879828,2.6110685
261,7.9790554,0.25798142,1.835241,2.1734629,1.4575135,0.41966352,2.1872978,2.6691465
262,11.225117,0.25047246,1.8358232,1.6982937,1.6554787,0.40998584,2.186819,2.996471
263,8.760653,0.24869657,1.8359839,1.9715164,1.6612401,0.40679756,2.1876154,2.3873122
264,10.171015,0.2574014,1.8358601,1.8670819,1.1265824,0.41179195,2.1881726,3.0061755
265,9.295084,0.2580109,1.8358085,2.150529,1.8276592,0.40931076,2.1880982,2.4572558
266,8.328202,0.2573794,1.8355801,1.7741135,1.3339673,0.40988302,2.1877193,2.6211483
267,9.970941,0.25573796,1.8351207,1.8810171,1.3555173,0.41392556,2.1877503,3.2422624
268,8.361285,0.25711653,1.8347576,2.371026,1.3941796,0.41106838,2.186914,2.6939666
269,10.94759,0.26573306,1.8349888,1.7503726,1.8271724,0.41873765,2.1860733,2.668707
270,12.510882,0.26027372,1.8349776,1.4608905,1.6136867,0.41219544,2.1872332,2.745772
271,9.593466,0.25963593,1.834616,1.9299322,1.4624686,0.40945086,2.1862073,2.712934
272,10.128512,0.25133967,1.8343474,1.8182224,1.4564269,0.40767938,2.1853242,2.6340826
273,9.187607,0.2667381,1.8346275,1.9704461,1.3316184,0.4209698,2.1852417,2.4205961
274,10.970607,0.26420423,1.8342729,1.7900205,1.5646204,0.41337448,2.1858568,3.1079605
275,13.006459,0.25165096,1.834025,1.3817155,2.0187624,0.40900487,2.1856604,2.363499
276,10.490801,0.2659219,1.8341116,1.7988185,1.5894246,0.41677266,2.1847856,2.7700458
277,10.596802,0.26106155,1.833876,1.6595746,1.966385,0.41376418,2.184614,2.3756814
278,10.35951,0.24892238,1.8336046,1.7775501,1.6100314,0.4030641,2.1840935,3.0583405
279,11.250153,0.24775471,1.8332572,1.5388122,1.5628402,0.39882517,2.184785,2.6118073
280,12.124735,0.2543216,1.8332978,1.5344095,1.3914908,0.40735817,2.1834931,3.7269878
281,10.41684,0.25993517,1.8329582,1.844535,1.4311527,0.4187056,2.1825683,3.0962086
282,10.155218,0.26661384,1.8328606,1.882803,1.9532743,0.41774812,2.1828845,2.9659133
283,10.558119,0.25180504,1.8324944,1.8404677,1.9409612,0.40593252,2.184247,2.7636185
284,10.95865,0.2653111,1.8325812,1.6318656,1.2302647,0.41697454,2.1835372,3.0018322
285,9.824015,0.25449616,1.8337722,1.840577,1.4274313,0.41007143,2.182863,3.1277506
286,11.490372,0.27218148,1.8334825,1.5734831,1.5461992,0.41730657,2.1841946,2.3461947
287,10.455586,0.25505704,1.8330113,1.7639943,1.0733031,0.41088334,2.1847115,3.2012393
288,11.934618,0.26340756,1.8335268,1.4964626,1.5070176,0.4099083,2.186054,2.511661
289,11.23791,0.267398,1.8334953,1.6779253,1.4431798,0.41625452,2.1868248,2.814798
290,11.234735,0.26174483,1.833159,1.6360743,1.6065843,0.40963778,2.1874413,3.026759
291,10.758145,0.2601178,1.8331836,1.7541621,1.5564439,0.41338134,2.186307,2.4794507
292,12.454078,0.25918764,1.8332324,1.5776113,1.2146045,0.4077134,2.1866577,2.8068345
293,12.2456,0.2671294,1.8334298,1.5992752,1.5306879,0.41481265,2.1871428,3.326413
294,11.108724,0.26731893,1.8329144,1.7282999,1.4553465,0.41665807,2.188277,2.813885
295,7.9838967,0.26279095,1.8328975,1.8026577,1.6153841,0.41326636,2.188242,2.434063
296,11.247075,0.26047188,1.8327943,1.625857,1.5054384,0.41057342,2.1881592,2.985458
297,10.244239,0.26379338,1.8330194,1.7923967,1.8670375,0.41888824,2.1866693,2.499849
298,10.79457,0.25300384,1.8320609,1.728051,1.807571,0.4107756,2.1865804,2.4190762
299,10.400297,0.25733286,1.831674,1.795252,1.5708691,0.41466966,2.186812,2.8220236
300,11.472724,0.2623411,1.8316678,1.8689662,1.4395456,0.41336805,2.1861417,2.888079
301,6.642144,0.2551427,1.8314084,2.0055015,1.3482931,0.40567198,2.185752,2.3504913
302,11.610299,0.24809065,1.83119,1.6134105,1.5056034,0.4043668,2.1859932,2.9029865
303,10.844651,0.26522282,1.831577,1.5406381,1.2507045,0.41807228,2.1851962,2.4107652
304,9.291997,0.2626775,1.8315943,2.0527034,1.4292449,0.410144,2.1856015,3.416856
305,12.674791,0.24563667,1.8315574,1.5685863,1.5330739,0.4053815,2.1855905,2.7425818
306,8.658836,0.25421634,1.831387,2.094059,1.235033,0.40361148,2.185797,2.8745139
307,8.958215,0.2555044,1.831111,1.8617485,1.463236,0.4081366,2.1861844,2.6131184
308,10.2531805,0.2552311,1.8313235,1.8789293,1.5105367,0.40252614,2.1853034,2.8530457
309,8.74424,0.26227057,1.8315076,2.0731807,1.8376012,0.41496095,2.1851175,2.663257
310,12.317949,0.26345673,1.8312182,1.6326627,1.3775996,0.41347966,2.1852589,2.888856
311,6.827319,0.2585811,1.8310487,2.2108815,1.3980292,0.40605125,2.1843982,2.5515866
312,8.824246,0.2627393,1.8311858,2.0061073,1.5734876,0.40708572,2.1838489,2.7861514
313,11.925095,0.25226903,1.8308926,1.629091,1.6238799,0.40555793,2.1840134,3.0964773
314,9.845992,0.25652057,1.8305894,1.8410395,1.9457334,0.4115015,2.1851082,2.402667
315,9.170481,0.255555,1.8303591,2.085461,1.5285251,0.40991983,2.184511,2.8651257
316,9.374777,0.2552297,1.8306115,1.6686414,1.925553,0.40783778,2.1840997,2.1079834
317,8.305144,0.26095894,1.8309529,1.7799962,0.71858305,0.41576117,2.1846805,3.191633
318,9.523873,0.2681715,1.8305147,1.9572096,1.5499463,0.41967052,2.1844745,2.6266851
319,11.943105,0.26380068,1.830784,1.5143465,1.227305,0.41407079,2.1846027,3.4095
320,7.5661926,0.26500666,1.8300779,2.7149916,1.6809399,0.41861543,2.1846406,2.8706696
321,8.189825,0.26610887,1.8298472,1.9381857,1.2954319,0.41862583,2.1849625,2.830311
322,9.900433,0.25537166,1.82993,1.8108044,1.4648757,0.41209602,2.1848776,2.6248038
323,7.3354754,0.26378483,1.8295894,2.0267646,1.7281879,0.41491967,2.184898,2.7015004
324,8.276773,0.25399572,1.8298035,1.7977501,1.0537547,0.40879622,2.1852434,2.8594143
325,8.745884,0.24969043,1.8295118,2.0176504,1.9370477,0.40048045,2.185435,2.3711643
326,6.847723,0.25314832,1.8290083,2.7890575,1.6230252,0.40743026,2.186591,2.5950003
327,8.28915,0.27000895,1.8291633,2.2309384,1.7292161,0.41925687,2.1861744,2.5929914
328,10.032275,0.26166534,1.8293968,1.9617093,1.813829,0.41584343,2.1857631,2.5043845
329,8.67583,0.26314294,1.8295461,2.08954,1.4055785,0.41152653,2.185421,2.8840885
330,9.758632,0.25470698,1.8295801,1.9777873,1.5285857,0.40684205,2.1849873,3.166171
331,9.794693,0.26463264,1.8296143,1.9153988,1.1701709,0.41461062,2.1843252,3.1105804
332,9.906582,0.26113293,1.8297244,1.9240246,1.6471065,0.41497868,2.185085,2.8884676
333,10.702015,0.2634061,1.8295946,1.7072269,1.7771305,0.41299787,2.1851578,2.4975934
334,11.127427,0.25734296,1.8298529,1.6335161,1.8650645,0.40921125,2.1842148,2.59304
335,8.435836,0.26781356,1.8302052,2.0956776,1.6515543,0.4202067,2.1836402,2.4126177
336,7.736778,0.2545393,1.8301913,1.8531647,1.4566267,0.40595764,2.1827507,2.2823055
337,10.600379,0.2659158,1.8302583,1.7767649,1.3140674,0.41763717,2.182793,2.6168258
338,7.774818,0.26609328,1.8302807,1.831607,1.294786,0.41655245,2.1822917,2.2767522
339,8.333425,0.25849998,1.8296654,1.8089651,1.0149897,0.40779924,2.1821206,2.9958124
340,6.691416,0.26726153,1.8295059,1.840832,1.6600702,0.41373795,2.1810718,2.054378
341,10.459927,0.2578211,1.8295757,1.8736631,1.5906395,0.4110592,2.1814482,2.4262154
342,10.657221,0.26060313,1.8298129,1.6372917,1.8758043,0.41519982,2.1799638,2.3061213
343,9.979672,0.25684074,1.8301387,1.6272953,2.1210814,0.40824017,2.1805346,2.0860224
344,9.24069,0.2468281,1.829761,2.094389,1.7883157,0.40635696,2.1814125,2.4238412
345,9.132204,0.263695,1.8299478,1.9107666,1.8132117,0.4179717,2.1806357,2.2740061
346,7.578275,0.25768453,1.8293649,1.9405514,1.5134021,0.4119614,2.180558,2.6558642
347,7.0714803,0.2579698,1.8296357,2.5364473,1.7228606,0.409954,2.1787767,2.946565
348,11.80894,0.2624483,1.829617,1.5603088,1.6635774,0.40958256,2.178661,2.3964362
349,12.788287,0.2626721,1.8298085,1.5879558,1.3417252,0.4131751,2.1783323,2.7025592
350,10.699147,0.24338745,1.8299518,1.8039562,1.7545042,0.40169317,2.178262,2.546181
351,10.7252245,0.26008305,1.8299121,1.7479293,1.0686814,0.41298804,2.1786811,3.613846
352,7.2755656,0.26199806,1.8303262,1.9048373,1.3013972,0.41728815,2.1780841,2.894168
353,10.51768,0.25089002,1.8303114,1.7255002,1.613824,0.40556556,2.1778646,2.3873158
354,10.68222,0.25620812,1.8300391,1.7855306,1.5898623,0.40948424,2.1790721,2.846163
355,11.904537,0.25737646,1.8301702,1.6678435,1.3231815,0.4109469,2.1779287,3.466934
356,9.402164,0.26301095,1.830051,2.0143445,1.1737477,0.41723603,2.1782975,2.9646869
357,10.145206,0.26847667,1.8304268,1.7268074,1.4825628,0.42283845,2.1774423,2.9655612
358,9.413975,0.2665692,1.8302621,1.9124587,1.4901736,0.41817084,2.1777146,2.7238476
359,9.369489,0.2545053,1.830192,2.0327525,1.0637866,0.40917683,2.1791093,2.9190004
360,9.066845,0.2516505,1.8299463,1.7637548,1.3098059,0.4049971,2.1788895,2.8849587
361,7.801685,0.2628139,1.829805,2.5445337,1.3507124,0.41393918,2.1787732,3.192493
362,7.382377,0.26789567,1.8294291,1.9007208,1.6341012,0.4178167,2.1791105,2.3642278
363,12.3685665,0.263408,1.8294319,1.434265,1.4598515,0.41179028,2.178456,3.2397246
364,9.041307,0.2720939,1.828971,2.0244508,1.6637874,0.41886193,2.1787,2.6531138
365,10.946023,0.26220486,1.8281457,1.6397266,1.7718782,0.40685076,2.1776574,2.4500217
366,8.600433,0.2636492,1.8281597,2.1015124,1.7757723,0.41146532,2.1766582,2.7340505
367,11.725942,0.26519555,1.8282163,1.6055036,1.4226742,0.41390675,2.1767123,2.7343602
368,8.284575,0.25613418,1.8276995,1.771033,1.8103033,0.41087842,2.176439,2.2085698
369,9.036539,0.26107308,1.8276707,1.9746366,1.9658023,0.4120187,2.1767683,2.2790875
370,9.353331,0.25628757,1.8278577,2.1555815,1.3955556,0.40986976,2.1762679,3.2532904
371,9.535279,0.26569209,1.8280983,1.9492066,1.6160189,0.41594172,2.1758654,3.0318427
372,8.574581,0.25443256,1.8281469,2.5053499,1.6477933,0.40910682,2.174599,2.9804034
373,9.257323,0.26094857,1.8279641,2.112938,1.5180387,0.41417304,2.1755617,2.755201
374,12.503464,0.26713362,1.8275777,1.511468,1.2274542,0.41712266,2.1768084,2.8642006
375,11.424721,0.2595538,1.8275757,1.6938639,1.5132614,0.41416898,2.1765263,2.7609181
376,8.508209,0.25950378,1.8273708,2.3835573,1.2322202,0.40863186,2.1762893,3.1682732
377,9.545384,0.25896832,1.8267273,2.0741637,1.5738583,0.41229033,2.1764405,2.8954477
378,11.266203,0.25774974,1.8266388,1.6468607,1.6042631,0.41129786,2.1772346,3.02977
379,9.105987,0.26291883,1.826735,1.9735504,1.6144593,0.41488606,2.1761413,2.8437471
380,8.827846,0.26856261,1.8268121,2.0009131,1.4044434,0.41948715,2.1762326,3.1518803
381,12.616474,0.25565785,1.8264991,1.4467591,1.4418277,0.40714407,2.1762056,2.6677992
382,10.325545,0.25394905,1.8267318,1.8959118,2.06574,0.40925342,2.1771774,2.2499168
383,11.491174,0.26162872,1.8271519,1.6169957,1.7211825,0.41242462,2.1763158,2.3404703
384,10.362856,0.26423472,1.827489,1.7737467,1.2480041,0.41720814,2.175652,3.0891352
385,12.275407,0.25061658,1.8279414,1.5546937,1.768399,0.40654492,2.1756904,2.8424687
386,11.605499,0.26092526,1.8276495,1.8734562,1.2133279,0.41160327,2.175646,3.6258125
387,8.711986,0.24738464,1.8275346,1.6964085,1.4856758,0.40392342,2.176519,2.159119
388,10.042866,0.25886464,1.8275409,2.048883,1.5806336,0.41304025,2.1761525,2.800036
389,7.25464,0.24742524,1.8276459,2.1608474,1.4914384,0.40439004,2.176716,2.4584038
390,12.138338,0.2596775,1.8276657,1.6691662,1.642664,0.4104778,2.1772797,2.856148
391,10.045074,0.25490937,1.8272986,1.9513971,1.7205049,0.40705758,2.1766877,2.8129315
392,11.56082,0.2593812,1.8272346,1.8308846,1.5184994,0.41420326,2.176933,3.0405924
393,10.912326,0.25635803,1.826859,1.8665593,1.8640141,0.4099698,2.177518,2.4553487
394,11.993352,0.26606697,1.8270408,1.4740134,1.8147298,0.4160439,2.1775253,2.4897761
395,9.6434,0.260782,1.8272008,1.7979618,1.9745836,0.41808826,2.1785069,2.4804347
396,9.371307,0.25425935,1.8273356,1.7155627,1.5555602,0.41014057,2.1780953,2.370695
397,9.982555,0.2583367,1.8269134,1.8626297,1.6809554,0.41278696,2.1784275,2.5654447
398,9.354194,0.26483628,1.8267299,1.9699191,1.7340498,0.41738558,2.1781497,2.3666775
399,10.028224,0.26417464,1.8267521,1.7132605,1.96362,0.41461045,2.178998,2.4925902
400,10.732656,0.25809354,1.826317,1.723603,1.4003574,0.4089547,2.1790593,3.0768685
401,10.357558,0.25618863,1.8259313,1.700129,1.8066453,0.40581736,2.1792862,2.4640014
402,12.45346,0.2738957,1.8264581,1.393479,1.6738957,0.42150816,2.1790915,2.5266294
403,9.542686,0.26240498,1.8262004,2.140551,1.0838205,0.41282004,2.178957,3.8484058
404,13.3950405,0.24522239,1.8268818,1.2737103,1.7008812,0.399101,2.1790648,2.5018897
405,11.779183,0.25465354,1.8263423,1.5936129,1.1558194,0.40395656,2.179343,2.6315625
406,9.694372,0.25682122,1.8259803,1.919127,1.6229005,0.41283575,2.179814,2.556682
407,9.274276,0.26957425,1.8257824,1.9157295,1.8430805,0.41770935,2.1802661,2.3304965
408,7.1974535,0.25675476,1.8258697,2.4383056,1.2045935,0.40850487,2.1812656,2.9987543
409,10.947877,0.25961322,1.8253347,2.0730796,1.0740416,0.4137825,2.1813807,3.3106947
410,11.003096,0.26533398,1.8251171,1.7097682,1.7110149,0.4121193,2.1816173,2.787998
411,10.70676,0.26450548,1.8252548,1.6877949,1.6272218,0.41021204,2.1815073,2.835246
412,11.651742,0.26190433,1.8251281,1.6512764,1.7697482,0.41581163,2.1814032,2.7672503
413,10.286845,0.26215807,1.8251767,1.7636377,1.1984121,0.4126288,2.18136,3.4174883
414,9.718895,0.26388946,1.8261611,2.141257,1.4140806,0.4150105,2.1827579,3.6476154
415,12.151107,0.25977275,1.8260269,1.505743,1.5503056,0.41122943,2.1827836,3.2997339
416,10.596618,0.25496975,1.8260789,1.9154617,1.7141147,0.40636143,2.1832128,2.7792358
417,13.030518,0.26300204,1.8260856,1.3961481,1.2347704,0.40898094,2.1833007,2.9529278
418,9.2730465,0.27054107,1.8259178,2.05862,1.5339724,0.41284147,2.1838298,3.1641572
419,11.770713,0.24895549,1.8257716,1.6093466,1.4104283,0.3986412,2.1835334,3.068645
420,12.328333,0.24834116,1.8260138,1.5992938,1.7723157,0.405572,2.1831882,2.762637
421,8.340076,0.25689346,1.8259823,2.1676838,1.4703232,0.40880823,2.182975,2.9088414
422,13.667994,0.26527697,1.8259016,1.4146909,1.2590791,0.40764266,2.1832767,2.5746791
423,10.060555,0.25802594,1.8256631,1.9178823,1.8621672,0.4116394,2.183304,3.0794153
424,11.40771,0.24636921,1.8257937,1.6736873,1.3205941,0.4042328,2.1821327,2.864762
425,9.746715,0.25379822,1.8257214,2.0046325,1.8593199,0.40192586,2.1809304,3.0586882
426,11.225863,0.24895859,1.82603,1.8124382,1.7272956,0.40645528,2.1816883,2.7693007
427,10.745018,0.26042256,1.825902,1.713436,1.6902361,0.412064,2.1815035,2.7102098
428,9.322089,0.24782024,1.8252337,1.9982879,1.7535298,0.4015836,2.1811807,2.4492743
429,8.956149,0.24675032,1.825221,2.174475,1.9969754,0.3977446,2.1812277,2.4311438
430,9.598186,0.26146927,1.8256305,1.8819057,1.5431726,0.41138792,2.182084,2.9357939
431,10.100973,0.2572162,1.8253654,2.0244458,1.947296,0.4090957,2.1814675,3.035951
432,11.741127,0.25428492,1.8250815,1.6812325,1.5849599,0.40723807,2.1808493,3.0470629
433,11.20192,0.25914207,1.825126,1.7699434,1.5451901,0.41133323,2.1805248,3.0448484
434,8.598222,0.2680688,1.8253568,2.0999846,1.7205323,0.41554648,2.180996,2.419526
435,12.0252,0.27057236,1.8255435,1.663932,1.5838256,0.41684562,2.180859,2.9756536
436,12.79574,0.25878593,1.8254474,1.5083004,1.0164167,0.40702575,2.180625,3.1888506
437,10.521723,0.26224163,1.8256017,1.8278596,1.3670603,0.41168538,2.1826851,3.0345156
438,10.84817,0.2695053,1.8258036,1.8776797,1.6627654,0.41809487,2.1826043,3.2832532
439,8.440066,0.25848037,1.8254958,2.2641823,1.2623407,0.4119193,2.1826,2.7860668
440,10.889638,0.26178044,1.8254868,1.7204227,1.6372021,0.41251254,2.1834033,2.5103416
441,12.2599745,0.25461167,1.8254988,1.5897357,1.3701142,0.40809837,2.182953,2.4935882
442,10.845441,0.25779203,1.8252784,1.746107,1.5614034,0.4152668,2.181981,2.6610396
443,10.552566,0.25829512,1.8255156,1.877826,1.8526481,0.41126975,2.1825542,2.69672
444,10.63398,0.26604015,1.8254063,1.8043869,1.9611671,0.41225553,2.1839235,2.450728
445,10.541782,0.25555772,1.8256792,1.6839256,1.5206214,0.40575504,2.1844313,2.7832754
446,10.554713,0.2655338,1.8256336,1.7231643,1.8822222,0.41406688,2.1834226,2.2999892
447,10.144078,0.26704884,1.8252289,1.7765826,1.9292179,0.41579238,2.1845026,2.6587684
448,12.193535,0.26493868,1.8252277,1.4731119,1.1472374,0.41287914,2.1843004,3.6134539
449,8.385182,0.2592949,1.8247765,2.0993905,1.4131002,0.4132701,2.184171,2.5505576
450,10.976012,0.26137844,1.8247713,1.8054491,1.0293581,0.41743684,2.1838303,3.3997262
451,8.163025,0.2473172,1.8245409,1.8115556,1.225963,0.40487608,2.184185,2.5186608
452,11.04373,0.2664244,1.824445,1.7291056,1.9499418,0.4171381,2.184077,2.767649
453,11.737596,0.25819588,1.8244717,1.7529138,1.8672079,0.41012305,2.184859,2.5263457
454,10.559931,0.26035708,1.8242514,1.7078412,1.7862157,0.40879816,2.1849658,2.7449365
455,9.66491,0.26759267,1.8243313,1.8302442,1.9450606,0.418393,2.184424,2.0982876
456,10.41007,0.25382775,1.8247005,1.9503489,1.4364113,0.40418023,2.1859498,2.6767442
457,13.173114,0.25775072,1.8243368,1.3949304,1.4906014,0.41139278,2.184804,2.6885967
458,8.957013,0.26101163,1.8244039,2.2424119,1.9673122,0.40768743,2.1842031,2.7685688
459,8.281448,0.25433376,1.824159,2.0946977,1.607951,0.40783802,2.184085,2.543241
460,11.406283,0.2546427,1.8240355,1.8001206,1.6425388,0.40303057,2.184107,3.1103227
461,11.384818,0.27453154,1.8243526,1.7858179,1.968843,0.42223015,2.183456,2.6210878
462,10.7191515,0.26051134,1.8241932,1.8186753,1.8450367,0.4102613,2.1844635,2.9022744
463,6.3083935,0.260558,1.8242947,2.3182743,1.5470414,0.4150598,2.1855767,2.724672
464,9.8272,0.26162353,1.8238263,1.9473462,1.47522,0.4159119,2.1874099,2.6707852
465,9.20745,0.2399741,1.8239169,2.315135,1.0634936,0.39471856,2.1861851,3.698447
466,8.245313,0.25090125,1.8241258,2.1932776,1.3938732,0.39964622,2.1850088,2.5101779
467,8.208513,0.25211087,1.8238714,2.0582356,1.6306493,0.4050576,2.1842678,2.2465124
468,10.7233095,0.25827095,1.8235415,1.8479358,1.4345686,0.40807495,2.1835625,3.0337508
469,12.248189,0.25369972,1.8235359,1.5232931,1.4694641,0.40673965,2.1841826,3.0618577
470,10.076419,0.26096407,1.8235246,1.9682611,1.8134549,0.4128819,2.1843238,2.6004963
471,10.062537,0.26683006,1.8232656,1.859962,1.8769284,0.41664663,2.1844535,1.9990635
472,10.617466,0.27132025,1.8231535,1.9050585,1.4706835,0.4173936,2.1846979,2.8820033
473,13.650338,0.2591273,1.8232405,1.2677745,1.7308627,0.41419625,2.185887,1.980047
474,11.897073,0.25882256,1.8233855,1.6781704,1.7054827,0.40698123,2.1858695,2.5716834
475,10.083342,0.26548043,1.8228327,1.8091645,1.7566768,0.41334972,2.186984,2.674507
476,11.067903,0.26255465,1.8228866,1.6974066,1.3404907,0.41408962,2.1867397,3.3263745
477,9.425862,0.26447526,1.8226584,1.885325,1.597256,0.41645032,2.1880393,2.6620474
478,9.298177,0.2574127,1.8224753,2.1825423,1.401628,0.41148704,2.1867282,2.8526464
479,10.624998,0.26215163,1.8224962,1.8170995,1.550942,0.41170526,2.1865687,2.8249967
480,8.978439,0.2593758,1.8224941,1.9149983,1.8057692,0.41118973,2.18612,2.3471696
481,11.190441,0.26248735,1.8223829,1.7131021,1.6386697,0.41291112,2.1856143,2.689071
482,9.7410345,0.25715435,1.8226205,1.843968,2.2026758,0.40385038,2.1863456,2.3584962
483,9.268996,0.2559572,1.8224094,2.3884902,1.6800646,0.409966,2.1851413,3.2086134
484,9.125183,0.25674894,1.8218408,2.1555254,1.7706352,0.4050974,2.1839683,2.825967
485,9.1650715,0.25986302,1.8220822,1.6964076,1.203872,0.4144052,2.1831415,2.691106
486,9.086236,0.26322013,1.8221153,1.7017968,2.0614514,0.41348943,2.1839912,1.9988563
487,10.780406,0.2516524,1.821902,1.7343478,1.7002212,0.4061235,2.1839442,2.8050525
488,10.332654,0.26175967,1.8224003,1.8156195,1.9471354,0.4111349,2.1837547,2.3901935
489,9.122525,0.26468298,1.8222129,2.023288,1.259836,0.4158538,2.1830494,3.312138
490,7.1850047,0.24099095,1.8226873,2.5708287,1.2980714,0.3990824,2.182613,2.4948003
491,10.076296,0.2654134,1.8223556,1.8738695,1.7655642,0.41351423,2.1831088,2.5896857
492,10.947673,0.25094473,1.822472,1.7276404,2.2820454,0.40756607,2.1839607,2.0941184
493,8.703414,0.26303747,1.8225733,1.9869395,1.4958835,0.4133289,2.1839578,2.753924
494,8.6887,0.26965886,1.8229818,2.107849,1.7316555,0.42040768,2.183135,2.674979
495,10.6693125,0.25484428,1.8226243,1.7178442,1.7197216,0.41162926,2.1838634,2.3657684
496,7.8301096,0.25175685,1.8221359,1.8446544,1.4662662,0.40625662,2.1849809,2.2618034
497,10.828749,0.25615478,1.8223472,1.8601624,1.8331987,0.40996343,2.1846154,2.292438
498,10.126703,0.25284013,1.8224725,2.0767837,1.4696637,0.40853104,2.1848412,2.9695363
499,8.921597,0.26967868,1.8221737,2.0514646,1.9181217,0.41846675,2.185158,2.757055
500,10.987938,0.25656152,1.8218074,1.7936091,1.9472432,0.40549517,2.185456,3.347808
501,8.900882,0.25909367,1.8223864,2.1070275,1.6024172,0.4085947,2.1841345,2.6934803
502,9.688203,0.261391,1.8220935,1.8939418,1.7313316,0.41407785,2.1836305,2.600018
503,9.177976,0.2541909,1.8215461,2.1072907,1.5028393,0.40514868,2.184929,3.317568
504,9.6800995,0.2590234,1.8209823,1.8830678,1.5974213,0.4131263,2.1850224,2.4930396
505,8.9398155,0.27011526,1.8211739,1.713447,2.2940803,0.41640216,2.1845117,2.1344576
506,10.699221,0.26745436,1.8213794,1.6538596,2.1276982,0.41130203,2.1848643,2.3342538
507,9.548378,0.25479123,1.8214506,2.200548,1.5061615,0.406806,2.1836948,2.8343766
508,8.434556,0.26034302,1.8215847,2.2122357,1.9504778,0.41175213,2.1829166,2.692337
509,11.108595,0.26791722,1.8214434,1.8049883,2.1351337,0.4165412,2.1820889,2.3120613
510,10.223966,0.26226693,1.8212867,1.8311019,1.9722582,0.40977126,2.1828034,2.6764522
511,11.7160225,0.25744912,1.8208067,1.5460669,1.6990421,0.402767,2.1824749,2.62133
512,9.893356,0.24729334,1.8203528,1.9919019,1.2681855,0.40709347,2.1839423,3.2506855
513,9.746318,0.24980594,1.8199474,2.1510053,1.8016447,0.40364894,2.1849601,2.5485907
514,9.6248,0.26580748,1.8195922,2.1032338,1.9217601,0.41389364,2.185364,2.743498
515,10.637082,0.27605456,1.8196198,1.5715107,1.4065137,0.41921362,2.1850078,2.7690487
516,9.837312,0.25878987,1.8197095,1.9162295,1.9301496,0.40786782,2.1856997,2.5572088
517,9.597529,0.2566672,1.819764,2.2749898,1.5628878,0.4099876,2.1853278,2.880759
518,10.656501,0.25681698,1.819812,1.785329,1.7631336,0.40611386,2.186088,2.5713165
519,12.067744,0.25109297,1.8204811,1.6043919,1.6071771,0.4042611,2.1854181,3.3978806
520,11.366918,0.2566724,1.8200004,1.6428076,1.8682168,0.40676552,2.1852016,2.2425084
521,9.345911,0.26354215,1.8197138,2.1258898,2.1774435,0.4141748,2.185024,2.3737152
522,10.290313,0.2559811,1.818875,1.7276106,1.8367535,0.41102695,2.1852465,2.5118167
523,11.8296585,0.25788215,1.8187621,1.6326238,1.6176739,0.40761417,2.1855981,3.3684473
524,11.837639,0.2590538,1.8189007,1.503016,1.6523463,0.4074575,2.1859365,2.856477
525,12.3112955,0.2695231,1.8184339,1.5259395,1.7625362,0.4145185,2.186737,2.6774502
526,9.098161,0.26193786,1.8187906,1.7367933,1.1566758,0.4107921,2.186018,2.6225471
527,9.092682,0.2458252,1.8188176,2.096138,1.5322253,0.39974767,2.185575,2.874707
528,8.874955,0.26225212,1.8185601,1.806106,1.3291478,0.41559452,2.185347,2.8521674
529,10.25059,0.2618504,1.8188921,2.2537866,1.5507963,0.4112298,2.1853337,3.2203364
530,12.059881,0.266734,1.8188827,1.5433949,1.6576936,0.41528362,2.1860878,3.5019453
531,10.29671,0.25816837,1.8185233,1.8909615,1.6719155,0.41108552,2.1860447,2.7864547
532,11.328811,0.26270124,1.8183659,1.601705,1.7463894,0.40544337,2.185947,2.5175846
533,10.549745,0.2572521,1.8181849,1.8326627,1.5538247,0.40088773,2.1851187,2.8649654
534,9.683145,0.25429,1.8183727,1.9483465,1.9259417,0.40994063,2.184527,2.5411432
535,9.398403,0.25970086,1.8185996,2.1259787,1.6874349,0.4066469,2.1838965,2.8234296
536,11.671117,0.2562941,1.8192255,1.5811961,1.4908175,0.40507346,2.1841445,2.8063955
537,11.231439,0.26597533,1.8191687,1.7371277,1.6636566,0.4188288,2.1838474,2.464881
538,10.206805,0.26575515,1.819616,1.9591746,1.8692632,0.41342577,2.1833053,2.3710353
539,10.904778,0.26231894,1.8195322,1.8864485,1.647619,0.4133181,2.182807,3.0866284
540,11.245691,0.26329628,1.8193824,1.59399,1.9217107,0.4122334,2.1821654,2.541848
541,10.480382,0.2436853,1.818851,1.9004562,1.5969319,0.40096933,2.1820195,2.6451766
542,8.311148,0.2561798,1.8186427,1.9986246,1.7462491,0.4095958,2.1829073,2.6570508
543,11.732557,0.26102498,1.8184624,1.6533445,1.8926979,0.40867037,2.1830497,2.900411
544,10.514202,0.2560672,1.8180795,1.7867556,2.109262,0.4098248,2.1833932,2.7263653
545,8.213902,0.2580594,1.817833,2.5009134,1.4192914,0.40346557,2.183263,3.178322
546,9.194801,0.2569261,1.8179914,2.2556124,2.1049275,0.41117874,2.1830044,2.9518447
547,10.866757,0.25777394,1.8174281,1.6964425,1.5079162,0.40658784,2.182368,2.8799655
548,8.62483,0.25966495,1.8176967,2.2210903,1.0059355,0.40852898,2.1822937,3.1012926
549,9.81447,0.26123622,1.8174922,1.8902208,1.6644634,0.4138425,2.1827507,2.784159
550,10.157858,0.25749308,1.8171132,2.3023841,1.5133286,0.40674505,2.1828487,2.9338505
551,10.785161,0.2585749,1.8171852,1.7544454,1.2062694,0.40253705,2.1838949,2.9796724
552,12.479094,0.25074732,1.8174062,1.5739033,2.0134692,0.40032282,2.1841567,2.786642
553,8.610282,0.25959212,1.8177651,1.8552346,1.5398929,0.40768066,2.1852455,2.4721408
554,11.298718,0.2549507,1.8175994,1.6559976,1.5866219,0.4010405,2.1846693,3.5463653
555,10.100649,0.25566745,1.8175535,1.8941766,1.7769625,0.40358615,2.1848328,2.618564
556,10.042951,0.250898,1.8176525,1.8493848,1.5555797,0.40583795,2.1841607,2.7681007
557,9.517453,0.2675229,1.8175325,1.9724314,1.4895939,0.41211027,2.1829262,2.490398
558,11.030464,0.2635772,1.8171526,1.7089212,1.6034694,0.41080624,2.1829605,2.6593182
559,13.789771,0.26339647,1.8169007,1.3140893,2.0343223,0.40940747,2.1830473,2.029603
560,10.902063,0.2554638,1.8169483,1.76005,1.8962389,0.40504664,2.183655,2.5620625
561,10.361975,0.2603737,1.8169866,1.8931835,1.4919012,0.40883154,2.1832032,3.312669
562,9.104721,0.2517067,1.8169585,2.038515,1.5566387,0.4054617,2.182733,2.7128396
563,7.208396,0.25437164,1.816754,1.9708883,2.3567054,0.4047621,2.1838746,2.421728
564,8.768101,0.25944176,1.816679,2.3268971,1.7409678,0.4096734,2.182661,2.9495125
565,8.698636,0.25762457,1.8160992,1.9268991,1.8452706,0.41223437,2.1821086,2.5449948
566,11.273236,0.26028004,1.8158941,1.773134,1.0246927,0.4069577,2.1839464,3.3059435
567,10.383728,0.25828853,1.8165102,1.8659495,1.3680097,0.40878797,2.184434,3.1400752
568,11.494377,0.25916383,1.8165848,1.6200337,1.3259801,0.40575147,2.18363,3.1371255
569,10.849641,0.26716268,1.8170044,1.8148878,1.5103341,0.4142902,2.1838906,3.276681
570,8.076763,0.2727716,1.8166802,2.3023527,1.2740952,0.41932926,2.184986,2.8478897
571,12.574356,0.2607759,1.817399,1.5284374,1.989962,0.40613928,2.1862187,2.575852
572,11.005631,0.24851198,1.8170717,1.7947305,1.8300968,0.4026788,2.1868696,2.724262
573,10.34184,0.25130364,1.816644,1.8939697,1.571536,0.40489134,2.187374,3.319393
574,8.683845,0.24696001,1.8165864,2.3200428,2.2281382,0.39415485,2.1859298,2.4171975
575,10.816988,0.25217086,1.8171989,1.7910767,1.4384369,0.3972209,2.186141,3.1577537
576,10.524496,0.25602368,1.8170254,2.0867317,1.5418276,0.40217525,2.1865218,3.1043677
577,9.318269,0.26189208,1.8170449,2.0826092,1.6386771,0.41022784,2.186609,2.9517367
578,10.677894,0.25558805,1.8167514,2.0199606,1.9267677,0.40408033,2.1867561,2.8736331
579,9.365427,0.24992491,1.8167641,1.6980577,1.7311516,0.39875203,2.1865952,2.141131
580,9.695501,0.26013198,1.8168166,1.8403821,1.5472704,0.40754795,2.186819,2.457455
581,8.496415,0.25430056,1.8167474,2.068343,2.4147775,0.405264,2.1870334,2.3097596
582,9.460137,0.24998547,1.8170679,2.0332754,2.105667,0.39571407,2.1864552,2.5645022
583,11.26341,0.2589517,1.8166021,1.6972929,1.4746753,0.41110554,2.18573,2.8693142
584,9.945106,0.25450796,1.8165529,2.0398748,1.7578667,0.4023524,2.185067,2.7073076
585,9.152485,0.26503015,1.8167261,2.0328178,1.6067779,0.41527066,2.184597,2.7249706
586,11.613104,0.25342715,1.8163345,1.5736796,1.5987678,0.40107852,2.1844778,3.0619047
587,11.197734,0.25356522,1.8162628,1.6859123,2.0260923,0.40347004,2.18418,2.1837738
588,10.48643,0.26042444,1.8161361,1.93108,1.5133879,0.40691024,2.1836689,3.0205705
589,11.728957,0.25463453,1.8160343,1.9534204,1.3109542,0.40251628,2.1853263,3.159769
590,12.4119,0.2731331,1.8160129,1.5063927,1.8633205,0.4127327,2.1851285,2.3730953
591,9.927937,0.25179872,1.8159877,1.8262392,2.019255,0.4000307,2.185001,2.5366414
592,11.375794,0.25998637,1.8159368,1.8534899,1.9127955,0.4069038,2.185081,2.7901638
593,10.747356,0.24105865,1.815893,1.582054,1.1408602,0.39199725,2.1854749,2.92722
594,9.939371,0.26569396,1.8155584,2.0480304,1.5730526,0.41394234,2.185411,2.7680418
595,6.266971,0.2562663,1.8153988,1.970711,1.2661598,0.4060483,2.184795,2.6750107
596,10.896381,0.25340065,1.81541,1.7689518,1.6458209,0.40459543,2.1853232,2.8041694
597,12.434968,0.23800753,1.8153243,1.573697,1.7846367,0.38873926,2.1843047,2.75988
598,9.840529,0.25377768,1.8152072,1.7039363,1.3870898,0.40293464,2.1844711,2.629859
599,7.9741936,0.2543005,1.814984,2.5556693,1.5883923,0.40587044,2.1833944,2.869735
600,10.194656,0.2438528,1.8149228,1.6054044,1.9428734,0.3992332,2.1828613,2.030295
601,9.131548,0.2584496,1.8146151,2.1184196,1.6497163,0.40572992,2.1827674,2.6617506
602,9.727866,0.24694715,1.8144335,1.9864999,2.1338072,0.39632177,2.1829517,2.79319
603,9.834035,0.25509852,1.815097,1.8875804,1.4308183,0.40130395,2.1836658,2.641755
604,10.764575,0.2501787,1.815189,1.8154163,1.7999476,0.40491503,2.182597,2.6723704
605,9.920835,0.2602328,1.8147774,1.9354393,1.9405535,0.40871772,2.182018,2.634639
606,8.18212,0.2571438,1.8154082,1.8846935,1.328699,0.40823954,2.1819127,2.985197
607,9.973805,0.2612799,1.8152363,1.7641547,2.050803,0.40941042,2.1823647,2.4604976
608,9.34707,0.25136796,1.8152492,2.1739645,1.9558685,0.39599538,2.1822977,2.8840454
609,11.66959,0.25477374,1.8151919,1.5730397,1.6674703,0.40846816,2.1818984,2.6688762
610,11.220666,0.2564837,1.8150786,1.5890316,1.5049528,0.4000519,2.1821492,3.0485325
611,10.474063,0.248538,1.8153229,1.8531352,1.7737554,0.40476817,2.1836934,2.7590604
612,7.1877832,0.2561208,1.815261,1.9011153,1.4194312,0.40309733,2.1836765,2.7379236
613,10.749168,0.25743893,1.8148867,1.7023127,1.753712,0.40729293,2.184003,2.8165627
614,9.967976,0.26501688,1.814802,1.9017229,1.9689372,0.4119617,2.1831837,2.6028101
615,10.355852,0.25722238,1.8149362,1.7770661,1.9672768,0.40507263,2.1823761,2.3910985
616,10.619179,0.25524,1.8152876,1.7220408,1.8760618,0.403376,2.1828861,2.2118616
617,11.211837,0.25498396,1.815154,1.843492,1.483267,0.40448433,2.1829228,3.38949
618,12.546058,0.25998017,1.8148783,1.5304673,1.5690547,0.40284282,2.182991,2.6905558
619,10.631794,0.24596444,1.8148727,1.801284,1.8256446,0.39770025,2.184021,1.9934555
620,10.848961,0.25543764,1.8142844,1.769267,2.0051973,0.4009331,2.183624,2.4352207
621,10.102605,0.25908265,1.8144981,1.89097,1.886476,0.4094305,2.1837656,2.2760515
622,10.549325,0.24656014,1.8148485,1.7834642,1.1928446,0.39853638,2.183769,3.205694
623,10.387726,0.25688353,1.8145452,1.8464764,1.442684,0.40534106,2.1837616,2.9468493
624,11.466189,0.25341552,1.814984,1.6585606,1.8016276,0.40219933,2.183628,2.4813046
625,9.567779,0.26123944,1.814897,2.0153008,2.019847,0.4081553,2.1833632,2.6798146
626,11.346485,0.2561366,1.8151256,1.7892863,2.124194,0.40557677,2.1839685,2.575569
627,11.553684,0.25668907,1.8145841,1.815836,1.1824679,0.4041933,2.1837544,3.6076775
628,10.410747,0.25872263,1.814662,1.8402082,2.2631028,0.40578628,2.1835227,2.7633696
629,12.28331,0.2597452,1.8150858,1.5777013,1.509522,0.40483242,2.1831312,2.9497054
630,8.566286,0.25399727,1.8150749,2.4147332,1.2904626,0.40177804,2.1835747,3.286215
631,9.010322,0.25792402,1.8148712,2.1334136,1.4974473,0.40043226,2.1838493,3.0926583
632,10.225938,0.257343,1.8148994,1.8521768,2.1823843,0.40296784,2.1834276,2.229069
633,10.084825,0.26374105,1.8152018,1.8019177,1.5939648,0.4085452,2.183718,2.7475266
634,11.077248,0.26054507,1.8157691,1.8676968,1.594113,0.40841502,2.1844952,2.9575925
635,8.165212,0.25701404,1.8150482,2.3701174,1.9785614,0.40405267,2.184415,2.6342063
636,8.945774,0.2580802,1.815261,1.7444036,1.617937,0.3980866,2.1837664,2.1936011
637,8.931134,0.25897145,1.8152173,1.7919208,1.1212834,0.40538073,2.1832733,2.5821073
638,10.201153,0.25579238,1.8149469,1.9266435,2.0026221,0.40267736,2.1829793,2.3924484
639,8.932761,0.26027474,1.8149563,2.2627788,1.2514763,0.41184616,2.1835124,3.1143103
640,8.688275,0.2554982,1.8153237,1.786543,1.5779343,0.40498772,2.183502,2.3780437
641,10.759948,0.25557736,1.8151634,1.939194,1.5349993,0.40174526,2.1840706,2.5546458
642,10.957607,0.255647,1.8154346,1.814113,1.2046777,0.40139103,2.184659,2.942997
643,10.626077,0.25951406,1.8151339,1.8949672,1.6910669,0.40676004,2.1842606,3.2104578
644,9.642869,0.2665413,1.814756,1.9981866,1.7478145,0.4103582,2.1847327,2.363976
645,9.263898,0.2608219,1.8146158,2.3152602,1.6995821,0.40547457,2.1851559,2.9822226
646,9.515794,0.26102397,1.8144063,2.123718,1.3919809,0.4096021,2.1847348,3.2773244
647,8.014014,0.2649632,1.8143587,1.8177619,2.2002897,0.41063103,2.1853049,2.0906549
648,9.569054,0.2452106,1.8146169,2.1005435,1.4543276,0.39587325,2.1858816,2.7521293
649,11.4057455,0.25893608,1.8146658,1.6252352,1.9393158,0.40516648,2.1860871,2.8449664
650,10.606313,0.25556186,1.8146292,1.9067001,1.8470197,0.408511,2.1862557,2.3674922
651,13.709096,0.25622645,1.8147335,1.4348078,1.720465,0.4053742,2.185942,2.4981654
652,7.203891,0.25990123,1.8145654,2.1903782,1.6140053,0.40839514,2.1846974,2.6896188
653,8.228292,0.2586207,1.814286,2.571085,1.5763221,0.40786457,2.1860495,2.971642
654,10.550082,0.24361648,1.8141831,1.8461535,1.7450092,0.3985947,2.1860063,2.3743494
655,10.135956,0.25397974,1.8139783,1.8661456,1.4303674,0.4035871,2.1850216,2.8356915
656,11.646547,0.24575344,1.8142122,1.602543,2.0336754,0.39759028,2.1846862,2.338095
657,13.033271,0.2665484,1.814282,1.4523207,1.6413774,0.4077497,2.1850383,2.9216485
658,9.058143,0.2542669,1.8145382,1.7031368,1.8290374,0.40404135,2.18455,2.0425754
659,12.842796,0.25880995,1.8151418,1.4836434,1.2769634,0.40447372,2.1840572,2.8656914
660,12.42175,0.2530279,1.815094,1.6850737,1.9444195,0.40259355,2.1847289,2.5731902
661,11.89558,0.25493032,1.814897,1.7273992,2.464847,0.4045971,2.1850085,2.332039
662,8.519604,0.24748488,1.814639,2.1417873,1.571819,0.40141279,2.1848254,2.9773855
663,8.931717,0.24753657,1.8143924,2.2207646,1.7049477,0.39879483,2.183904,2.7481976
664,9.477123,0.25575304,1.814773,2.2348833,1.3065525,0.40355396,2.1841078,2.888298
665,6.9478583,0.25478515,1.8151963,1.934268,1.424232,0.40647656,2.183916,2.1777077
666,10.16849,0.25490552,1.8155077,1.616327,1.6493423,0.40662232,2.1836193,2.4002986
667,9.075148,0.2590823,1.8157704,2.133616,1.4920051,0.4070445,2.1839929,3.4125535
668,11.70547,0.26466298,1.815899,1.6641394,2.437652,0.4099776,2.1831985,2.5589554
669,9.538038,0.25547174,1.8158942,2.0258303,1.5472785,0.40676546,2.1842859,2.906648
670,11.856831,0.26017195,1.8157014,1.6944071,2.0947554,0.40810165,2.1839535,2.2832935
671,12.25602,0.254518,1.8156466,1.5568897,1.983138,0.40706483,2.183838,2.4907198
672,8.940982,0.26170185,1.8153336,2.2849119,1.7208741,0.40795556,2.1845808,2.4638667
673,11.263039,0.2569218,1.8156798,1.6776218,1.7720423,0.40397963,2.1860719,2.8307965
674,9.098807,0.24857321,1.8158267,1.972022,1.9428369,0.40068015,2.18511,2.2909899
675,11.970674,0.25342306,1.8157243,1.6311557,1.6618568,0.40003628,2.1851306,2.7729778
676,8.971405,0.25019923,1.8154578,2.0372603,1.5002733,0.39825678,2.1864655,2.7411063
677,11.131696,0.25363046,1.8148286,1.7895436,2.234212,0.4046988,2.1882412,2.4251535
678,10.65977,0.2649089,1.814884,1.8133714,1.7639579,0.41007614,2.188,2.9961288
679,12.061251,0.2537816,1.8155177,1.525612,1.9231845,0.40188918,2.1879175,2.2621124
680,10.392347,0.26149687,1.8153837,1.8445146,1.3763336,0.41086134,2.1881056,2.8858147
681,10.898483,0.2519242,1.8154607,1.8348274,1.3171788,0.40307885,2.1879187,2.8639712
682,9.342302,0.2595751,1.8148412,2.178839,1.5188519,0.40771952,2.1870632,2.8554232
683,10.078947,0.26308572,1.8149246,1.7106133,1.7745341,0.40810347,2.1874263,2.474151
684,10.2441845,0.25552818,1.8146901,1.9181966,1.6257133,0.4040669,2.1871479,2.3944075
685,9.380716,0.25591284,1.8148113,1.9730995,1.354293,0.4062012,2.1874216,2.742986
686,9.783444,0.2594088,1.8152101,1.9287719,1.580881,0.40496722,2.188701,2.8247721
687,12.9230385,0.26024625,1.816045,1.500012,1.6491141,0.40464458,2.188687,2.5027711
688,11.884536,0.24507567,1.8162662,1.5108346,1.594612,0.39311436,2.1896238,2.750343
689,10.210442,0.25981748,1.8159022,1.9312029,2.0705702,0.39893612,2.189628,2.6586914
690,11.585023,0.26594594,1.8161055,1.6353843,1.5312343,0.409715,2.190269,3.0462701
691,10.845647,0.27083245,1.8158721,2.1556942,1.5743061,0.41129598,2.1898317,2.8669405
692,10.869887,0.25268695,1.8155602,1.6400565,1.8904681,0.39855582,2.191048,2.4297593
693,12.558708,0.24711493,1.815251,1.6027185,1.5288699,0.39924806,2.1902564,2.8579435
694,11.267857,0.25089055,1.8153983,1.7097719,2.1033642,0.39362803,2.191073,2.5826812
695,10.502436,0.26404667,1.815496,1.8599819,2.2603338,0.4100697,2.1905456,2.623399
696,11.619429,0.2541805,1.8147111,1.7111017,1.589143,0.40315795,2.1903908,2.3094628
697,9.003331,0.24630938,1.8145916,1.7598177,1.1646597,0.39528292,2.191227,2.9494343
698,11.843966,0.2513325,1.8140012,1.6174155,1.79957,0.3994004,2.1916344,2.6362872
699,11.029888,0.24869995,1.8139957,1.7496841,1.3561256,0.3975739,2.1919124,2.861877
700,10.192203,0.25409663,1.8137299,1.8697933,1.7530361,0.40405625,2.1923594,2.4521554
701,9.045869,0.25517085,1.8140092,2.1337986,2.1359131,0.40135884,2.1940594,2.5317762
702,7.0051007,0.24859715,1.813937,1.9324974,1.3884896,0.3956991,2.193474,2.3058338
703,9.5859785,0.25514787,1.8141428,2.0722215,2.3131814,0.40026736,2.193408,2.4964607
704,10.85987,0.2480835,1.8144201,1.8246071,2.3124313,0.39399418,2.192635,2.4570346
705,10.35451,0.26250458,1.814482,2.0214522,1.9892628,0.40543342,2.192687,2.2409449
706,10.175351,0.26277724,1.8143109,1.8453131,2.1924822,0.40338773,2.1928782,2.1907837
707,10.313736,0.2618409,1.814142,2.2947352,1.7667501,0.40632382,2.192294,2.77636
708,10.955068,0.25252944,1.8138297,1.652777,1.9371834,0.39920655,2.1923273,2.4561021
709,11.509744,0.25416386,1.8134137,1.5850427,2.0288897,0.40269437,2.192904,2.2383893
710,10.054239,0.26174554,1.8131734,1.9032202,1.4861349,0.4061409,2.1934474,2.958646
711,12.924514,0.2575335,1.8129218,1.3776516,1.4776068,0.401179,2.1932602,2.718725
712,12.941231,0.2484912,1.8135026,1.5111927,2.0445845,0.39488965,2.1938648,2.659699
713,12.066355,0.25010568,1.8132424,1.5463382,1.7717395,0.39866772,2.193709,2.365698
714,13.577154,0.2545532,1.8133553,1.3796768,1.8461527,0.39731923,2.1937864,2.8039198
715,12.613621,0.25110328,1.8130656,1.4654428,1.6484547,0.3956624,2.1934426,3.312093
716,10.605055,0.2537781,1.8135144,1.7728252,1.5074909,0.40457568,2.1942885,2.4332857
717,9.308587,0.26524812,1.8137902,1.7075565,1.2194719,0.40412942,2.193961,2.8749793
718,10.438238,0.25770923,1.8137052,1.5975012,1.7851605,0.40332055,2.1940742,2.1428523
719,9.563918,0.24836837,1.8137884,2.0335977,1.4225307,0.38900453,2.1944864,3.1448312
720,9.627584,0.24724574,1.81316,1.9023018,2.1748357,0.3977047,2.1956272,2.4685621
721,9.324393,0.25554582,1.813479,2.3111105,1.7875077,0.40392742,2.195847,2.6652389
722,12.112659,0.2548662,1.8136792,1.5198143,2.1809533,0.40161434,2.1959326,2.5785468
723,11.13547,0.25580105,1.8134586,1.6887964,1.7870531,0.39840585,2.1962821,2.820708
724,10.52803,0.2507875,1.8135647,1.9654953,1.3090298,0.39839897,2.196127,3.065717
725,9.602991,0.24804753,1.8133731,2.0522435,1.6301787,0.39606696,2.195954,2.7331448
726,10.17575,0.2501875,1.8135227,1.6311623,2.0657854,0.40040573,2.1965535,2.0926888
727,9.595013,0.25142297,1.8132123,2.1184487,2.0616457,0.39731628,2.1962576,2.6579404
728,11.495421,0.2610102,1.8127325,1.7042942,1.6942892,0.40767044,2.1955132,2.9093416
729,9.914043,0.25102907,1.8125428,1.9060093,1.0817723,0.40253916,2.1955917,2.8333905
730,11.710961,0.25402948,1.8124533,1.7069489,2.0023217,0.40050387,2.195441,2.2376008
731,11.844752,0.25212017,1.8122172,1.6266173,1.4769777,0.39602458,2.1948473,2.6809897
732,9.635534,0.24369568,1.8120546,1.9538239,1.9264784,0.3957755,2.1947052,2.3661096
733,10.423105,0.24791706,1.8122798,1.7668868,1.7092252,0.3919969,2.1941583,2.880761
734,11.65803,0.25564572,1.8122447,1.555549,2.1736152,0.4036767,2.1930225,2.4542265
735,10.234384,0.25632483,1.8124335,2.0587218,1.7071437,0.40301472,2.1932359,2.7741706
736,9.405143,0.26257867,1.8123957,2.0595016,1.1165295,0.409873,2.193801,2.8333173
737,10.675759,0.25042936,1.811887,2.061204,1.9471349,0.39949387,2.1954446,2.864441
738,10.100591,0.2539801,1.8118302,1.892076,2.1106746,0.39688212,2.1951973,2.4166572
739,9.202559,0.26144928,1.8119612,2.0419796,1.0693121,0.41152495,2.1940556,2.98349
740,11.884563,0.25199544,1.8120201,1.5892658,2.0442498,0.398735,2.1936786,2.7296178
741,10.707479,0.25492522,1.8126975,1.580031,2.4585297,0.3987376,2.1949334,2.056048
742,10.267017,0.2624768,1.8124099,1.8642093,1.7843097,0.40824065,2.1946855,3.1304126
743,10.2491045,0.25623405,1.8119285,1.9018273,2.2258823,0.4058268,2.1956487,2.6839416
744,13.388846,0.24905653,1.8119819,1.4782188,1.8574703,0.39369857,2.1957922,2.5849404
745,11.2030525,0.2525798,1.8113769,1.6600709,1.3192526,0.40008575,2.1953964,2.8913302
746,12.599624,0.24640334,1.8112199,1.5812242,1.5841773,0.3950742,2.1956162,2.8093443
747,12.6133375,0.2500249,1.8115636,1.531291,1.5015244,0.4005576,2.1959279,2.6002386
748,13.038818,0.24739118,1.8113334,1.367298,1.8500574,0.3907383,2.1970725,2.457935
749,8.864754,0.26601428,1.8113073,2.1402545,1.801888,0.4115618,2.196299,2.7031324
750,11.612037,0.25544757,1.811475,1.5987427,1.8136327,0.40009665,2.1961787,2.5037417
751,8.081294,0.24959414,1.8117102,1.8434019,1.2695168,0.3990817,2.1969643,2.6619596
752,10.950306,0.25453752,1.8119638,1.7196527,1.8305337,0.3988158,2.197041,2.7762082
753,9.703926,0.2590823,1.8116916,1.942438,1.7563939,0.4028124,2.1976602,2.9132183
754,10.508586,0.25384635,1.8118676,1.9697527,2.0504982,0.39831555,2.1981113,2.6016502
755,10.092364,0.2561612,1.812119,1.8558078,1.6088468,0.4062294,2.1981916,2.2109323
756,7.410412,0.2538249,1.8117306,1.9132342,1.3360952,0.39726788,2.1982076,2.8575578
757,10.522921,0.25178748,1.8114349,1.839606,2.2639875,0.39661273,2.1975634,2.3590002
758,11.251396,0.2612276,1.8109473,1.7550205,1.8490281,0.40563518,2.197699,2.6912527
759,11.495724,0.25473225,1.8107349,1.7188032,2.04959,0.3979808,2.1975186,2.3335369
760,7.9414496,0.2502049,1.8109082,2.2132404,1.9047428,0.40021473,2.1969578,2.5084722
761,11.931534,0.25029343,1.8108871,1.5531663,1.8049388,0.39765605,2.1968637,2.8055775
762,13.218104,0.24907705,1.8105197,1.4161384,1.9122045,0.3954073,2.1957958,2.6079674
763,12.52543,0.24494009,1.8105115,1.673594,1.5284382,0.3907135,2.1946862,2.7576137
764,7.958167,0.23925766,1.8112396,1.8473225,1.2644317,0.39174908,2.1943893,2.890864
765,10.806994,0.2577801,1.8106191,1.9148766,1.6794349,0.4021946,2.19453,2.6360307
766,12.262283,0.2505106,1.8100855,1.5994672,1.2164693,0.39683205,2.1946094,2.9437742
767,11.358295,0.2615613,1.810162,1.7067256,1.7023165,0.4054471,2.1951144,2.749715
768,8.126261,0.24340504,1.8102646,1.8500248,1.2164512,0.39160106,2.1941,2.6602921
769,11.662102,0.2398326,1.8099315,1.5963374,2.3014219,0.38726503,2.1938262,2.0777621
770,10.065758,0.24954292,1.8098184,1.9632132,1.8894638,0.39688823,2.1932592,2.7780607
771,12.931153,0.2555382,1.8101846,1.4309933,2.0715399,0.39904442,2.1938658,2.3492043
772,9.929147,0.2525151,1.809535,2.0521646,1.758292,0.4009304,2.1938796,3.0804873
773,9.581404,0.24689066,1.8096006,2.1583087,1.4487216,0.39406437,2.1933572,3.0806491
774,11.103254,0.25435886,1.8096071,1.6142534,1.8113054,0.40498814,2.1931906,2.7136028
775,8.593253,0.25299734,1.8090994,1.9182098,2.3134794,0.4002181,2.193352,2.1640823
776,9.708232,0.25513184,1.809329,1.9007063,1.9910151,0.40246964,2.1947212,2.4355013
777,10.620608,0.2521204,1.8090116,1.635984,1.2901775,0.40145668,2.1951742,3.3231654
778,12.889712,0.25425154,1.8093562,1.4448417,1.927541,0.39933744,2.1942456,2.5589767
779,13.246936,0.2493613,1.8094054,1.4314396,1.0685649,0.39517522,2.1952977,3.3395898
780,11.376676,0.25227273,1.8095143,1.7707613,1.3282435,0.39935103,2.1945534,2.9677947
781,9.176956,0.26035514,1.8095763,2.2885427,2.1485195,0.4065194,2.1943765,2.590493
782,12.366494,0.24899411,1.8097286,1.538399,1.7926633,0.3985641,2.1945376,3.025039
783,10.797781,0.2472556,1.8094696,1.8115908,2.2044666,0.3938426,2.194519,2.3461533
784,12.701534,0.25908384,1.8096622,1.4915302,1.8049809,0.39996347,2.1940534,2.9717958
785,9.525991,0.25432292,1.8097445,2.2277243,2.188105,0.4022008,2.19375,2.2987313
786,9.731062,0.25208578,1.8099412,2.034718,1.7277011,0.39909062,2.1940062,2.8327875
787,9.9609165,0.25855044,1.8097907,1.960546,1.548,0.40550312,2.1947188,2.9234335
788,11.710232,0.26028565,1.8098156,1.6490054,1.4217947,0.40877047,2.194692,3.032233
789,10.370206,0.25744092,1.8099107,1.9265549,1.8912168,0.40618515,2.19645,2.8411822
790,12.825001,0.25906408,1.8096077,1.6195786,1.5365753,0.40446106,2.1961927,3.2231712
791,11.808308,0.25024945,1.8098508,1.6573491,2.0818937,0.39627284,2.1968582,2.523991
792,9.886685,0.25823796,1.809817,1.977161,1.781749,0.40543994,2.1969287,2.5589604
793,10.531931,0.25220644,1.8097613,1.731326,2.2105863,0.4011392,2.1977363,2.4018328
794,11.986951,0.2572021,1.8098146,1.5084605,2.069049,0.39966005,2.198553,2.6834726
795,11.385413,0.25752282,1.8099196,1.6528157,2.1463456,0.4041594,2.1991062,2.0878773
796,11.411483,0.24105528,1.8099498,1.9055061,1.5437529,0.39096358,2.1989489,3.1886206
797,8.616128,0.24383502,1.8100996,1.8306341,1.5514935,0.3938922,2.1992955,2.5168624
798,9.291567,0.26001677,1.8105125,2.0889246,2.006633,0.40719423,2.1991885,2.3814898
799,10.091518,0.247978,1.8100922,1.7273449,2.2355258,0.39906353,2.1990843,2.796381
800,11.805714,0.2555271,1.8101169,1.6316133,1.8105645,0.40203834,2.199352,3.0227036
801,9.329902,0.26022282,1.8101299,2.1529133,2.0120533,0.39921957,2.1989512,2.9214394
802,10.566038,0.2581495,1.810296,1.922016,1.7399564,0.40453714,2.1988556,2.3380826
803,9.185059,0.24716628,1.8102522,2.2403252,2.207153,0.39787757,2.198268,2.1662214
804,12.597044,0.25846192,1.8105067,1.56528,2.0653534,0.40026903,2.1977046,2.6361928
805,9.335976,0.25863212,1.8112102,2.0841637,2.1404605,0.40118504,2.1979237,2.3218718
806,9.441085,0.24763791,1.8113718,1.9839408,1.8078089,0.3936904,2.199068,2.4026299
807,8.639476,0.24982749,1.8111186,2.1074574,1.5554298,0.3993437,2.1980667,2.4010277
808,10.249623,0.24183382,1.8108981,1.9903711,1.9328189,0.39007413,2.19883,2.8657882
809,9.4162,0.25656974,1.8107408,2.2837207,1.8736645,0.40112352,2.198308,2.9782383
810,13.215866,0.25621694,1.810571,1.4533372,1.4495087,0.4018019,2.1985135,3.299589
811,12.354814,0.24821053,1.8105567,1.6447381,2.3474934,0.39476883,2.1990356,2.3984969
812,12.221463,0.25315773,1.810569,1.5184454,1.6991491,0.39689493,2.1982822,2.568669
813,8.335213,0.26221943,1.8104391,1.8222166,1.2710692,0.40370074,2.1987288,2.814703
814,9.093131,0.25364494,1.810377,2.107022,1.5673078,0.39892662,2.1982062,3.4526505
815,11.909335,0.25001097,1.8106122,1.5206661,2.0562503,0.3961454,2.198979,2.413401
816,5.6385875,0.2535775,1.8106606,1.8425319,1.2602766,0.3952535,2.1989605,2.4004366
817,11.149747,0.26065266,1.8108141,1.6743627,1.8738539,0.40453124,2.19931,2.6986547
818,8.298586,0.24930076,1.8106954,2.2338479,1.918327,0.39791596,2.1999793,2.684131
819,10.499034,0.26106596,1.8100866,1.7440264,2.095403,0.40714568,2.1991858,2.4092283
820,12.620158,0.25501353,1.8098435,1.4734634,1.7149304,0.39792743,2.1982274,2.777316
821,10.627557,0.24633683,1.8097597,1.827279,1.6421407,0.3932942,2.197601,2.481409
822,10.531845,0.26047486,1.809545,2.1130924,1.7795161,0.40049505,2.1967227,3.036537
823,7.42954,0.26139247,1.809258,2.6636798,2.156102,0.40414542,2.19786,3.0136743
824,9.459489,0.2509373,1.8091496,2.1487906,1.9742291,0.4001654,2.1981335,2.7148995
825,9.315935,0.259608,1.8089364,2.03073,2.0729058,0.40535864,2.1986103,2.5132651
826,9.5188465,0.2498509,1.8090955,1.8692763,2.1933572,0.39198953,2.1987634,2.1789563
827,9.458882,0.24879032,1.8083221,2.1333869,1.8971041,0.393383,2.200173,2.3544955
828,12.836268,0.25569916,1.8085309,1.387047,1.8743613,0.40041113,2.1993537,2.689587
829,11.4129505,0.25189054,1.8081968,1.7317402,1.7721266,0.402188,2.2002144,2.765399
830,10.607524,0.2620782,1.8078364,1.8384937,2.047852,0.40488005,2.200574,2.248594
831,9.1258135,0.25045785,1.8075247,2.2841954,2.0773425,0.39929432,2.199977,3.0102112
832,11.145453,0.24526806,1.8072065,1.6647357,1.6542853,0.39185545,2.1992657,2.731038
833,8.72962,0.24450433,1.8076158,2.4164524,1.9840969,0.3897286,2.2005155,2.774043
834,8.3574,0.24273114,1.8077744,2.289626,1.87723,0.3903087,2.2006652,2.5261493
835,7.7231517,0.24919643,1.8077538,1.8830224,1.3290524,0.3941834,2.2005212,2.893433
836,10.604027,0.2506392,1.8075413,1.8038859,2.2146869,0.39819288,2.2002425,2.643094
837,10.2788725,0.26023218,1.8079971,1.8882811,1.7935202,0.40545368,2.1991403,2.737892
838,9.8234005,0.24738593,1.8082341,1.9516776,1.8888373,0.39158875,2.199028,2.7236047
839,8.24353,0.25309664,1.8083695,1.8313135,1.4228371,0.4013524,2.2003987,2.39415
840,8.994878,0.24912558,1.808151,2.1516008,2.321754,0.39614996,2.1998389,2.2106423
841,10.187778,0.24093835,1.8082528,2.1176245,1.9093636,0.3894809,2.2001884,2.7610307
842,8.101791,0.25381786,1.8082137,2.0627537,1.894352,0.39914295,2.200227,2.4165027
843,10.524773,0.24172643,1.8081828,1.851863,1.7759645,0.38804302,2.1998355,2.5084288
844,9.0912485,0.2577068,1.8082865,1.9997423,1.829254,0.3968796,2.2009532,2.7152705
845,8.189711,0.25159356,1.808024,2.220693,0.97602963,0.3977313,2.2020733,3.1561108
846,11.481188,0.25797468,1.8083367,1.7866787,1.8102931,0.4056158,2.201167,3.2863681
847,9.604858,0.2524114,1.8084323,1.9551216,1.6183087,0.39811486,2.2021163,2.9771242
848,11.367853,0.24669366,1.8084949,1.7902254,1.8846513,0.3952651,2.2015052,2.6385462
849,14.178848,0.25398368,1.8084508,1.3883817,1.707234,0.39565244,2.201276,2.530001
850,12.819841,0.25078675,1.8083414,1.459861,1.4658914,0.39789,2.2022657,3.036538
851,10.993431,0.2521162,1.8079482,1.8226284,1.8714797,0.39693087,2.20141,2.4016812
852,8.712971,0.25185177,1.8080962,1.789161,1.9013454,0.39583927,2.2016492,2.0784009
853,12.131391,0.2593888,1.8083565,1.609353,2.6362054,0.39800984,2.2019672,2.0296512
854,10.926522,0.2494431,1.8083723,1.7641181,2.2822902,0.39828622,2.2022393,2.2818532
855,10.6094675,0.2567543,1.8084468,1.791743,1.3567073,0.398558,2.2021263,2.8952634
856,10.230911,0.24916619,1.8089594,1.9497837,1.9318084,0.39713463,2.2019644,3.1591191
857,7.573497,0.25415853,1.8093337,1.881945,1.5525507,0.39616823,2.2019064,2.4610033
858,9.961553,0.2570567,1.8090869,1.9796271,1.9143811,0.40071434,2.2018447,3.0389888
859,9.406955,0.25051764,1.8086543,1.8106089,1.2551336,0.39960298,2.2032135,2.7767577
860,11.98996,0.24232996,1.8087786,1.5841951,2.4197793,0.38887736,2.2048693,2.3924608
861,10.388708,0.24782407,1.8088602,2.0343912,1.6841108,0.39399308,2.2047548,2.7761893
862,13.324551,0.24674252,1.8087693,1.4044557,1.9160323,0.3897673,2.2047663,2.3869708
863,13.630566,0.24683593,1.8088483,1.511931,1.9615452,0.38954988,2.2047527,2.2306647
864,11.012947,0.25420165,1.8077457,1.7138567,1.7983239,0.3963551,2.2064638,2.8872492
865,10.705558,0.25313586,1.8077228,2.0696988,2.195992,0.3949102,2.2063553,2.6662464
866,12.36472,0.25018555,1.8075534,1.5567529,1.5673021,0.39521393,2.2061408,3.4216573
867,11.150603,0.2502695,1.8073878,1.7642157,1.8543321,0.39366388,2.2057214,2.7605257
868,9.655803,0.2535759,1.8069191,1.9551374,2.1797588,0.39405045,2.205895,2.6909542
869,10.352406,0.24691856,1.8070232,2.1028633,1.6055005,0.3857425,2.2066815,3.3036377
870,9.41622,0.2522897,1.807466,2.2542882,2.031239,0.39930832,2.2064168,2.5348413
871,9.92034,0.24257328,1.807885,2.0407717,2.203395,0.38512647,2.2070892,2.5583014
872,11.070295,0.25209835,1.8076513,1.8294606,2.2991202,0.39517555,2.2064843,2.250837
873,11.027878,0.24160646,1.8072236,1.759494,2.1064239,0.3864487,2.2062953,2.1728718
874,11.426329,0.25613222,1.8070525,1.7739562,1.414778,0.39922485,2.2079084,3.4179807
875,12.751828,0.2485058,1.8077861,1.4880196,1.3946859,0.3939082,2.2079916,2.771508
876,10.569405,0.24608356,1.8072823,2.0233269,1.9076664,0.39050692,2.2087197,2.9510567
877,10.684803,0.25246415,1.8074692,1.9507725,2.2417405,0.3966357,2.208051,2.3079014
878,7.702002,0.23856968,1.8073454,1.8858532,1.3955027,0.38861576,2.2085247,2.5807438
879,8.434836,0.24896295,1.8071959,2.5538895,2.0369453,0.398313,2.2079463,2.7851195
880,8.432503,0.2542468,1.807387,1.8271654,1.6298503,0.39485005,2.207517,2.58633
881,9.885074,0.24697213,1.8077481,2.1160989,1.7778056,0.3909232,2.2080295,2.682353
882,12.280772,0.24930334,1.8074418,1.7668753,2.5178885,0.39320293,2.2077413,2.661372
883,9.799781,0.24661583,1.8074415,2.2351224,1.5774434,0.3917593,2.2071834,2.7517138
884,11.501463,0.2510577,1.8070443,1.7109076,1.7855963,0.39455608,2.20778,2.90522
885,10.242879,0.26207864,1.8069398,1.90355,2.1567492,0.40136987,2.208848,2.3275943
886,10.1832695,0.2536215,1.8068397,1.8197002,2.179871,0.39916784,2.2090468,2.4890213
887,11.990055,0.25737944,1.806383,1.6562333,1.3797764,0.3983213,2.209785,3.0673432
888,9.4280205,0.25050148,1.8068815,1.7193295,1.6020952,0.39281663,2.2115705,2.2779613
889,8.633251,0.24626411,1.807193,2.446385,1.9538825,0.3888126,2.2117283,2.7014806
890,10.632966,0.25756532,1.8063594,1.8749171,2.4174628,0.39960423,2.2115653,3.0120394
891,11.1582985,0.2538548,1.8065226,1.6379174,2.0115,0.39458695,2.2116385,2.7055848
892,12.251802,0.2515298,1.8064975,1.5967461,1.929013,0.38787323,2.2124343,2.5158205
893,10.553265,0.24562572,1.806353,1.8081325,1.8393992,0.38734126,2.2119393,2.5187447
894,10.75501,0.24909511,1.8065475,1.8927771,1.3266588,0.39458776,2.2118154,2.9165125
895,10.52666,0.24182457,1.8060089,1.9367045,2.1132863,0.38788062,2.2124999,2.1662457
896,11.239776,0.2551212,1.8059667,1.7221571,1.1570842,0.39997303,2.2122579,3.166114
897,10.9511795,0.2531219,1.8061872,1.7591087,1.8046346,0.39124733,2.2112656,3.033962
898,9.901035,0.24951653,1.8061274,1.8837249,1.6839219,0.39383626,2.21248,2.7049253
899,7.9506936,0.26235092,1.8063421,1.8346771,1.4096464,0.40357772,2.211076,2.4234414
900,12.142328,0.25596294,1.806847,1.5807682,2.5529866,0.3940855,2.2120643,2.2289612
901,11.241173,0.24986893,1.8064183,1.7343081,2.5633554,0.39332542,2.2118607,2.1023386
902,10.290282,0.25389415,1.8068771,1.8191434,2.5496554,0.39884132,2.212181,2.5244143
903,9.202355,0.2446689,1.8070707,1.959299,2.0671062,0.38630545,2.2127733,2.193725
904,8.451553,0.24664828,1.8071573,1.9156367,1.9962889,0.3911418,2.2126133,2.1797078
905,10.65754,0.24379726,1.8070443,1.8652154,2.0745697,0.39025697,2.2120588,2.452594
906,11.455444,0.25169834,1.8071121,1.7224181,1.3898478,0.39453325,2.2122886,3.3006938
907,8.0194645,0.24977137,1.8073357,1.8620138,1.2350352,0.39706957,2.2112052,2.9418871
908,11.611058,0.25016564,1.806846,1.7309941,1.8795539,0.39535993,2.2116058,2.5038295
909,10.778758,0.2508531,1.806914,1.8189274,1.8130314,0.39143062,2.2113492,2.5510125
910,10.137306,0.24437314,1.8070778,1.9032493,2.1497478,0.39225066,2.2121763,2.1515405
911,10.778192,0.25227135,1.8077837,1.7626338,2.39819,0.3917262,2.2132964,2.350737
912,11.124062,0.2640776,1.8071268,1.5511111,1.4389445,0.40332413,2.2135136,2.7738283
913,10.169783,0.2602878,1.8074772,1.8729331,2.2418118,0.4002077,2.2142851,2.4692392
914,12.440423,0.24327102,1.8073275,1.4779227,1.8180114,0.3873738,2.2138333,2.4183195
915,9.4914255,0.25810054,1.807639,1.9361538,1.777209,0.40130678,2.2141833,2.6991339
916,12.941086,0.24845381,1.8078289,1.5011075,1.6705439,0.39160472,2.2152183,2.52867
917,12.903645,0.25425094,1.8075873,1.428911,1.8337401,0.39794865,2.2159233,2.2691772
918,11.163357,0.26476526,1.8070539,1.9164064,1.7620367,0.4037258,2.2163131,2.6702716
919,10.968247,0.2425559,1.8067567,1.8077184,2.310381,0.38819045,2.2157784,2.384881
920,8.961379,0.25544503,1.8065039,2.1662824,2.222749,0.40022606,2.2169476,2.6031828
921,12.051521,0.25346023,1.8065538,1.7911696,1.7942488,0.39270943,2.2166405,2.8522253
922,8.232019,0.24689037,1.8065772,2.529479,1.9484389,0.39423063,2.2170882,2.493171
923,8.520034,0.26111713,1.8063164,1.8244413,1.3130212,0.40910116,2.2167792,2.7552156
924,12.473994,0.2560671,1.8065424,1.6290362,2.3705106,0.40230942,2.2163422,2.2453275
925,11.4709015,0.24167465,1.8070035,1.8005728,2.2748775,0.3844258,2.2162166,2.1015213
926,8.09374,0.25016695,1.8066515,2.3408995,1.9497148,0.39606303,2.2172046,2.307578
927,11.206711,0.25089934,1.8065009,1.7864593,1.9369202,0.39523625,2.2190316,2.217676
928,10.230314,0.25319442,1.8064399,2.0375247,1.7345524,0.39417228,2.2181551,2.9347765
929,10.276119,0.26180887,1.8063632,2.060169,1.7587974,0.4026974,2.2180963,3.135617
930,12.7636175,0.26219833,1.8065228,1.4742689,1.6181935,0.40434542,2.2178826,2.61229
931,11.716416,0.25590253,1.8070635,1.7789916,1.7483145,0.39665133,2.2190394,3.0097604
932,9.791782,0.25449878,1.8069444,2.0578432,2.1975503,0.39619794,2.2196462,2.5748184
933,13.856138,0.24629033,1.8069408,1.4423397,1.8396983,0.3843936,2.2207427,2.561501
934,10.977474,0.26141757,1.8066254,1.5857044,2.0894585,0.40059447,2.2205274,2.0817912
935,10.0362425,0.24660559,1.8073626,1.937149,2.0617764,0.39223284,2.2207358,2.5962238
936,10.8209,0.25405893,1.807276,1.9782332,1.9565722,0.392388,2.2221746,2.7401037
937,12.731202,0.25159132,1.8071096,1.5097696,2.466397,0.39188272,2.221616,2.417825
938,8.534916,0.2489667,1.8069078,2.382056,1.5308363,0.39711404,2.2220142,2.832787
939,10.001991,0.2559296,1.8074213,1.6699467,1.7798926,0.39669833,2.2213957,2.2495246
940,10.9832115,0.24807394,1.8076953,1.809471,2.3799222,0.3909788,2.2214277,2.1004312
941,10.6199045,0.24796253,1.807817,2.043678,1.6566193,0.39100575,2.2214985,3.124048
942,10.998147,0.24629284,1.8075775,1.7214592,1.3747907,0.3886431,2.221276,2.7774382
943,11.039057,0.26551273,1.8075023,1.7513525,2.0763805,0.40468884,2.221397,2.6549642
944,8.755362,0.24921885,1.8077127,2.167644,1.5329663,0.39242822,2.221615,2.7168937
945,11.411663,0.25801718,1.8078164,1.7894373,2.0653875,0.40116048,2.2204425,2.4623027
946,11.41408,0.25733817,1.8075122,1.7373632,2.1734908,0.40207273,2.221377,2.299528
947,10.653301,0.25711817,1.8073969,1.7771854,1.8133478,0.39921007,2.2201746,2.9808462
948,10.247416,0.25352716,1.8072051,2.0065858,1.1783633,0.398099,2.2211387,3.175035
949,7.5433736,0.26077887,1.8068951,1.8899261,1.4288081,0.40246025,2.2221,2.9924428
950,11.855602,0.2441336,1.8069359,1.7719581,1.9716796,0.38983545,2.2224658,2.5065653
951,10.633511,0.26163614,1.8070989,1.8353989,2.1748307,0.40288648,2.222549,2.5382202
952,10.761552,0.25772431,1.807091,1.7216767,2.3044748,0.40078464,2.222709,2.3306463
953,11.46088,0.24821626,1.807123,1.8444548,1.6528566,0.3935226,2.2223063,2.7944214
954,9.782663,0.2556137,1.8071215,2.01216,1.7483188,0.4000612,2.2226925,2.5337927
955,9.830147,0.25581613,1.8071595,2.1181233,1.6591039,0.402059,2.2228436,2.7610211
956,11.18882,0.2576166,1.8068275,1.8744998,2.048379,0.3989131,2.223905,2.6699681
957,9.854745,0.2532211,1.8067986,1.878019,2.360372,0.3934247,2.223094,2.1709845
958,12.655517,0.25784323,1.8071917,1.5390813,2.0183284,0.398202,2.2225578,3.055591
959,12.905358,0.2653296,1.8070343,1.5451516,2.5835304,0.40849876,2.2229238,1.889958
960,11.927104,0.25357124,1.8070099,1.6563367,2.099082,0.39870524,2.2225556,2.9651866
961,12.263898,0.25470015,1.8068764,1.5704645,1.1558791,0.3968342,2.2227871,3.7256937
962,7.878152,0.24547598,1.8075881,1.8941556,1.4588556,0.3901958,2.2235336,2.2757561
963,9.128456,0.2588531,1.8074466,1.7121273,1.7989904,0.4001259,2.2234366,2.0255277
964,10.355502,0.25162128,1.8073515,1.8786978,1.9107364,0.3902462,2.224316,2.5887673
965,12.111386,0.2531421,1.8069917,1.6814855,1.9977791,0.39466852,2.2242758,2.331166
966,11.182461,0.25210103,1.8069654,1.7260605,2.0928328,0.3950136,2.2233038,2.291646
967,11.594733,0.24142496,1.8071387,1.6143141,2.2285233,0.3864841,2.223477,2.4361875
968,9.6133795,0.25464514,1.807288,2.0465586,1.7219614,0.4006641,2.2247174,2.8126743
969,10.640134,0.25391087,1.8069494,1.8167468,1.845814,0.3959306,2.2240117,2.7936797
970,10.642413,0.2513132,1.8068662,1.7736634,1.7529607,0.39498204,2.2244682,3.231741
971,12.896057,0.248457,1.8072801,1.4978315,1.5186849,0.39293498,2.2243345,2.6570096
972,12.088194,0.25252366,1.8069386,1.7239456,1.464257,0.39260906,2.2243695,2.8200521
973,9.790431,0.24947661,1.8065035,1.9332539,2.208775,0.39398283,2.2239096,2.7455695
974,8.415353,0.25754118,1.8067858,2.327306,1.7449758,0.4010653,2.223798,2.642517
975,7.734457,0.25576496,1.8065616,2.2336516,2.0615413,0.39657116,2.2239637,2.596672
976,7.8081665,0.25194255,1.8067203,2.3522222,1.7803583,0.39435259,2.2233276,2.9314482
977,11.193969,0.24059375,1.8074173,1.7538027,2.049771,0.38649717,2.2243257,2.6807961
978,10.569159,0.2447569,1.8079988,1.9717302,2.3255024,0.3880745,2.2255907,2.4056747
979,10.949712,0.24894495,1.8079545,1.7608857,1.8495579,0.39350542,2.2264905,2.5630927
980,10.638228,0.2499039,1.8075917,1.8772427,1.8052965,0.39296007,2.2262928,2.6164215
981,13.382695,0.2528418,1.8077922,1.6090095,1.9124775,0.3969117,2.2256043,2.6906343
982,11.743152,0.24352387,1.8079505,1.7109665,1.634406,0.38857648,2.2254088,2.558668
983,11.137699,0.25358698,1.8075786,1.759771,2.2516403,0.396362,2.225622,2.4412136
984,10.236999,0.24725936,1.8075138,1.8881385,1.9739219,0.3912235,2.2251406,2.6333869
985,12.77728,0.25564206,1.8077207,1.5030683,2.5376644,0.39788947,2.2250595,2.0250287
986,12.011085,0.2519906,1.8077203,1.7003819,1.5258981,0.39615762,2.2240212,3.0119188
987,10.769814,0.25401378,1.8075696,1.8324828,2.0365982,0.39163098,2.2245696,2.6834857
988,11.609154,0.26765233,1.8075517,1.8336349,1.9411484,0.40667772,2.2253177,3.0210893
989,13.28252,0.24798115,1.8082484,1.5334326,1.5729641,0.39027578,2.2262123,2.8168094
990,10.934107,0.24331068,1.80825,1.8566301,1.9113096,0.3904819,2.2260253,2.3149896
991,8.573605,0.24084261,1.8083011,1.8251381,1.5131419,0.38329044,2.2250986,2.5369387
992,11.063499,0.25055844,1.8081132,1.7967966,2.2597897,0.39645618,2.2248282,2.2930856
993,10.926305,0.24474879,1.8080707,1.7438416,1.9852585,0.38921618,2.2251928,2.5919106
994,10.458914,0.25265494,1.8079475,1.865282,2.076087,0.40006185,2.2245586,2.3973267
995,11.112335,0.2573692,1.8074751,1.789585,1.9897972,0.3979144,2.2243662,2.5281217
996,9.868188,0.25232482,1.8074979,2.1816761,2.2222717,0.40230638,2.223361,2.2064087
997,11.478543,0.25340876,1.8076156,1.5967193,2.0637162,0.3961529,2.223635,2.4893777
998,8.493364,0.2549996,1.8076799,1.9587984,1.5156716,0.39819008,2.223903,3.1763752
999,11.187871,0.25240564,1.8075857,1.5570433,2.2767842,0.39394617,2.2247062,2.1441429
1000,11.288018,0.2548362,1.8075789,1.7447523,2.2671251,0.3978725,2.224635,2.5750926
1001,11.481103,0.24556915,1.8077228,1.6303606,2.0104353,0.3915406,2.223785,2.5579898
1002,12.300074,0.25240102,1.8076657,1.559237,2.1674743,0.39405322,2.224376,2.198577
1003,12.690829,0.26040462,1.8074813,1.464068,2.343125,0.4006754,2.2239466,2.1867883
1004,10.422352,0.24436116,1.8072643,1.8624362,1.7828517,0.39245313,2.22419,2.8583791
1005,10.837841,0.25136057,1.8072193,1.8586278,2.1501377,0.39360914,2.2244093,2.8140407
1006,12.037202,0.25231364,1.8069155,1.6029787,1.606935,0.39798874,2.223382,3.067495
1007,10.09514,0.24958529,1.8065219,2.137871,2.0127656,0.39214918,2.223615,2.6557043
1008,8.927608,0.26034743,1.8062783,2.1555314,1.7878932,0.40191,2.223915,2.664353
1009,10.295729,0.24728157,1.806222,1.7971647,2.350106,0.3951033,2.2246082,2.2062898
1010,11.477986,0.25075153,1.806308,1.7294751,1.6904572,0.39100188,2.2239347,3.1711087
1011,9.896324,0.23983091,1.8057005,2.2517476,2.0677755,0.38689357,2.2222111,2.8149257
1012,12.170313,0.25075823,1.8063494,1.6303791,2.3237813,0.3928817,2.222326,2.6723475
1013,12.313065,0.24737181,1.8062174,1.5865105,2.0783963,0.38901407,2.2218246,2.4789739
1014,13.02455,0.2556274,1.8061421,1.560614,1.9557058,0.39624715,2.221809,2.795442
1015,8.598638,0.2546288,1.8059968,1.8107318,1.6579072,0.40006676,2.2215917,2.6196833
1016,11.837433,0.24809535,1.8059715,1.6950896,1.9954545,0.39403075,2.221775,2.534555
1017,12.070863,0.24584764,1.8058476,1.6750517,2.5075927,0.3942526,2.2217624,2.277324
1018,9.891368,0.25264758,1.8057247,2.0832841,1.9986612,0.39988166,2.2201915,2.6180594
1019,10.022647,0.25682902,1.8058203,2.0229955,2.0045102,0.40140375,2.2209842,2.6204412
1020,11.631583,0.25079897,1.8055528,1.6863955,1.7446088,0.39247847,2.2224958,2.91873
1021,11.888895,0.24899518,1.8061726,1.6517035,1.8800634,0.3968079,2.222565,1.8701928
1022,10.927295,0.25676522,1.8053404,1.7558604,2.214931,0.39846697,2.2238286,2.0557761
1023,11.2503195,0.25546467,1.8055803,1.768037,2.1924143,0.39930198,2.2223763,2.5577884
1024,11.379945,0.25195366,1.8055716,1.6087816,2.8495169,0.40363425,2.221777,1.8710344
1025,9.920823,0.24534965,1.8056903,2.0130377,2.4279115,0.39328146,2.2223191,2.4459736
1026,11.814263,0.2537086,1.8057977,1.7834499,1.64148,0.40020007,2.2226279,2.801214
1027,12.734258,0.24889347,1.8057723,1.4779757,2.2491896,0.39418107,2.223545,2.2796476
1028,10.602231,0.24827535,1.805458,2.1958413,2.04976,0.3931738,2.2230146,2.2889335
1029,9.630133,0.25039932,1.8048973,1.9337864,2.1587334,0.39657304,2.223064,2.3425014
1030,13.550682,0.25418624,1.8048371,1.4566234,1.6405643,0.3932427,2.2235188,2.614832
1031,10.532474,0.25497958,1.8048191,2.0590794,1.8573043,0.39903128,2.2235136,2.6856909
1032,9.879187,0.26144958,1.8046834,1.9074823,2.38213,0.40812498,2.2230222,2.117214
1033,8.301297,0.24633703,1.8046794,1.8362948,1.3266056,0.38864392,2.2227523,2.9665692
1034,11.920123,0.25369406,1.8043629,1.6570127,1.9900461,0.396577,2.2235272,2.2686532
1035,13.0959,0.24898843,1.8046013,1.5234578,1.655219,0.39417678,2.2240627,3.1128798
1036,11.540249,0.25110793,1.804951,1.6569442,2.007331,0.39705926,2.2233922,2.2732322
1037,6.9145613,0.25048634,1.8048962,1.9051973,1.4977435,0.39622742,2.2235265,2.144643
1038,11.81924,0.25191268,1.8043395,1.6545117,1.8265852,0.39496762,2.2241142,2.9584174
1039,11.337637,0.2509141,1.804389,1.7922662,1.6546727,0.39255422,2.2234905,2.713646
1040,9.6946745,0.24855009,1.8048096,2.1492271,1.957568,0.39188296,2.2248814,2.2693415
1041,11.516668,0.25381252,1.8045075,1.6684694,2.09813,0.40313178,2.2255666,2.5804176
1042,12.100404,0.25047588,1.804404,1.6315979,2.2818732,0.39280128,2.2261019,2.3957405
1043,12.288929,0.251307,1.8042592,1.647113,2.1028953,0.39501303,2.2271929,2.4464796
1044,10.754328,0.2505549,1.8046229,1.5770668,1.9968041,0.39497352,2.2265756,2.2025726
1045,9.003289,0.25376064,1.8055282,2.0007362,1.8806623,0.39908963,2.2271879,2.433887
1046,12.580499,0.25256076,1.8056301,1.5771596,2.360948,0.3973069,2.2265666,2.0449774
1047,11.438119,0.24680556,1.8058342,1.8635871,1.949049,0.39414364,2.2278352,2.8364565
1048,9.880824,0.25265583,1.8058068,2.3533921,2.1986449,0.39579612,2.2281325,2.551886
1049,10.106976,0.24879205,1.8061069,1.9058089,1.8470167,0.3916097,2.2276514,2.4108071
1050,11.8549,0.2527826,1.8062983,1.7457309,1.437736,0.39898705,2.22727,2.9263349
1051,11.458712,0.25049186,1.8066794,1.7158263,2.2748234,0.40328103,2.2274375,2.3275516
1052,8.731574,0.25293162,1.8064959,1.7868146,1.5086792,0.39873523,2.2283978,2.3856509
1053,13.450872,0.25014955,1.8062143,1.3944716,1.7822741,0.3950429,2.229534,2.8839962
1054,10.971571,0.24607962,1.8062751,1.7558613,2.0730567,0.389711,2.2293806,2.7404761
1055,10.642696,0.25371617,1.806099,1.8352295,1.830191,0.39657682,2.229933,2.4880998
1056,12.823044,0.2558298,1.8063352,1.4526613,2.5214753,0.396635,2.229224,1.9985183
1057,11.787971,0.25184742,1.8061357,1.6830527,2.5011754,0.39661914,2.2284818,2.2675157
1058,12.646759,0.25727132,1.8052601,1.568439,2.8631248,0.40281945,2.2283585,1.8587016
1059,11.322119,0.2534278,1.8054389,1.7680292,2.1118875,0.39549953,2.2297232,2.6233284
1060,10.30408,0.24993919,1.8058382,1.8892448,1.7400597,0.39965644,2.2303362,3.2413616
1061,11.706325,0.25881183,1.8059787,1.5220249,1.4266887,0.39791715,2.2294123,2.5376463
1062,11.411032,0.25179407,1.8059282,1.5240395,1.8333068,0.39562032,2.2290466,2.239091
1063,10.2233925,0.25495607,1.8057206,2.2301269,2.0364916,0.39843243,2.2285516,2.740189
1064,7.4260583,0.24575154,1.8057171,1.9278576,1.8714365,0.3937483,2.2285144,2.332697
1065,8.352769,0.2503816,1.8062581,2.4323728,1.9540147,0.3960816,2.2302248,2.6274412
1066,8.720063,0.2472937,1.8068386,2.045572,1.8148485,0.39074403,2.2307174,2.554989
1067,11.294379,0.25282452,1.806727,1.7400919,1.6997681,0.3957504,2.230492,2.7222872
1068,12.215751,0.25316584,1.8070582,1.6665833,2.234527,0.3952854,2.230223,2.3681107
1069,9.321009,0.24119161,1.8071352,1.9723634,2.0708122,0.38695192,2.2301168,1.8285433
1070,9.730409,0.244558,1.8070645,1.9381711,1.6563575,0.38820374,2.2310395,2.9635468
1071,10.403078,0.2589522,1.8071283,1.8143237,1.8474729,0.40331244,2.231032,2.612416
1072,9.603393,0.25277516,1.8069713,2.1578162,1.8611183,0.395526,2.2302704,3.0672262
1073,10.064586,0.24915679,1.806361,1.9185386,2.3891554,0.3938619,2.230184,2.5296898
1074,9.050291,0.25591207,1.8061382,2.1536958,2.093708,0.39913565,2.2305453,2.3510203
1075,10.616618,0.24686849,1.8062214,1.5840373,2.4203317,0.39173716,2.230994,2.1867185
1076,10.704643,0.25155917,1.8061004,1.8305373,2.6975436,0.3924299,2.2312212,2.1283536
1077,7.911549,0.25011984,1.8065367,2.2173767,1.8227627,0.39034823,2.2310717,2.562478
1078,11.650187,0.25440034,1.8069226,1.6719667,2.2873037,0.3947037,2.2309558,2.454019
1079,12.342105,0.25124213,1.8066148,1.6572272,2.4235218,0.39016408,2.23078,2.2437108
1080,10.732222,0.26118958,1.8064098,1.8066548,2.303979,0.398559,2.2316875,1.9557254
1081,9.4110155,0.25321725,1.8066714,2.0709965,1.9246349,0.3961532,2.230767,2.286466
1082,10.009009,0.24975015,1.8065572,2.0452056,2.6394668,0.39428645,2.231173,2.2165918
1083,14.351638,0.25022417,1.8060647,1.2566291,1.8133707,0.39278382,2.2306895,2.673931
1084,10.846329,0.25884336,1.8061236,1.9127055,2.6427917,0.39880878,2.2314322,2.291208
1085,8.569393,0.23964278,1.8060229,2.1760554,1.4772674,0.38396716,2.2317834,2.8045177
1086,10.362642,0.24619822,1.8058693,1.8323336,2.3501515,0.39574152,2.2313113,2.5589542
1087,10.082538,0.25464255,1.8057956,2.0841148,1.7340635,0.39453194,2.2318702,2.9086154
1088,11.999116,0.24774694,1.8056486,1.5654626,2.1409888,0.3927575,2.2319806,2.549807
1089,9.592028,0.24402466,1.805473,2.1912744,2.0839405,0.39018872,2.2325757,2.5845606
1090,11.994751,0.251888,1.8055425,1.7535764,2.2204525,0.39613378,2.2327423,2.4582253
1091,8.050047,0.24745397,1.8052435,1.8567115,1.7788626,0.39323956,2.2328117,2.2072084
1092,7.939512,0.25797787,1.8058921,1.8654443,1.1325862,0.3961193,2.233701,2.9781704
1093,11.852017,0.25021762,1.8061931,1.6263053,1.325897,0.39134312,2.2347064,2.9430058
1094,11.784309,0.2538325,1.8064619,1.7511854,2.5037236,0.39244103,2.234116,2.3446822
1095,10.457314,0.24979071,1.8066545,1.8346528,1.756435,0.39522746,2.233441,2.6269782
1096,14.13931,0.24139434,1.8065684,1.3045629,2.0364287,0.38648278,2.23345,2.442948
1097,12.02484,0.24859084,1.806469,1.8475059,2.3646147,0.39670604,2.233369,2.622937
1098,11.035351,0.2475854,1.8064625,1.8565238,2.3790743,0.39418072,2.233665,2.356352
1099,8.517241,0.25601172,1.8064858,2.3085494,1.854586,0.39977917,2.2343395,2.7389972
1100,12.9630375,0.2526076,1.8063103,1.4918611,2.194447,0.39408728,2.23519,2.4749444
1101,10.228258,0.25923625,1.806669,1.8272067,1.6664671,0.399288,2.2357075,2.5575979
1102,11.160858,0.25279063,1.8065624,1.816511,2.2481778,0.39627534,2.2356691,3.148505
1103,11.236352,0.24254231,1.8067956,1.7887713,1.58201,0.39167604,2.2359731,2.5230823
1104,12.620604,0.24704762,1.8064867,1.7926853,1.5683026,0.38597974,2.2367887,3.3376908
1105,8.96164,0.25706264,1.806109,1.766727,1.8078543,0.39714283,2.2362626,2.4024508
1106,8.386717,0.24628355,1.8065249,2.3265882,1.5488571,0.3937731,2.237475,2.48519
1107,13.762924,0.25152802,1.8066455,1.5261254,2.3442497,0.39505452,2.2379134,2.5742471
1108,11.175132,0.25057617,1.806925,1.6975619,1.6969564,0.3886851,2.236869,2.8514478
1109,10.766251,0.24853654,1.8065937,1.7905083,2.762124,0.3917808,2.2372687,2.0161347
1110,10.102459,0.25271884,1.806726,1.847501,2.7241986,0.39471382,2.2376225,2.0988424
1111,10.275782,0.24941306,1.8065281,1.968425,2.3737519,0.39495614,2.237355,2.5459137
1112,11.032754,0.24563144,1.8065577,1.790616,2.5681443,0.39294523,2.237202,2.1751235
1113,12.740202,0.2576501,1.8070881,1.5383368,2.604729,0.39601466,2.2379868,2.1967707
1114,10.451564,0.2557693,1.8067014,1.985346,1.6996903,0.3956385,2.2377145,3.0683267
1115,12.350206,0.25738615,1.8068423,1.633338,1.9781277,0.40105933,2.2379491,2.6032853
1116,13.7140665,0.25507522,1.8068662,1.4654838,1.9626681,0.39366123,2.2374294,2.3040626
1117,9.214102,0.25516954,1.8068866,2.1894398,2.0692244,0.39678198,2.2381845,2.4921663
1118,10.625022,0.24507684,1.8071908,1.8227199,2.1261146,0.38966563,2.2397108,2.4868975
1119,11.248622,0.26609614,1.8070939,1.8728647,2.4952395,0.40905127,2.2402158,2.2733357
1120,9.26215,0.24489413,1.8073885,1.7334522,1.5706277,0.39286572,2.2416544,2.4084492
1121,10.363171,0.24628371,1.807393,1.8367716,2.1239934,0.389155,2.24287,2.6401045
1122,13.354226,0.24911208,1.8077906,1.4309049,2.3976476,0.3948267,2.2438295,2.3192878
1123,9.838254,0.2395183,1.8076191,1.7359277,1.4627246,0.3840237,2.241245,2.348265
1124,9.323378,0.25211686,1.8086172,2.1276379,1.996687,0.39365888,2.2414005,2.637067
1125,10.119951,0.24891594,1.8091291,1.8987366,1.9205296,0.39060327,2.2411861,2.5383518
1126,9.700048,0.2466057,1.8084784,1.6738232,2.6125855,0.39068756,2.241989,1.8055559
1127,11.193964,0.24936327,1.8087265,1.749243,2.5487986,0.39455253,2.242398,2.3685808
1128,11.116318,0.2512531,1.8084029,1.810218,2.5940213,0.39336145,2.241189,2.1103601
1129,9.541201,0.24768326,1.8085624,2.2151022,2.36687,0.39329,2.2396693,2.1562166
1130,10.865822,0.251243,1.8086678,1.9185253,1.7801578,0.39800826,2.2394946,2.4739254
1131,10.240047,0.24472596,1.808747,1.9598458,2.4069796,0.39148417,2.2399893,2.1674435
1132,10.397933,0.24898852,1.8088436,1.6162709,2.841731,0.394937,2.2406633,1.9009501
1133,7.8030086,0.25862792,1.8084977,2.0574281,1.9172306,0.4050954,2.2402472,2.6998794
1134,7.907211,0.2430763,1.808617,2.231086,1.9101306,0.391187,2.239827,2.459239
1135,10.306734,0.24964045,1.8089759,1.901126,2.008506,0.39032727,2.2410703,2.972534
1136,11.084104,0.24376838,1.8081039,1.7496814,2.107009,0.38919246,2.2422817,2.4221768
1137,10.391441,0.25067306,1.8079282,1.9230493,2.3800254,0.39353266,2.2420998,2.200434
1138,10.597082,0.25361398,1.8078152,1.8433343,2.264349,0.399621,2.2421563,2.3996828
1139,11.419831,0.25196323,1.8073062,1.72521,1.2169594,0.3957052,2.24241,3.1145287
1140,6.776502,0.24853855,1.8072338,1.9194331,1.3392471,0.3917417,2.2425869,2.5769358
1141,11.15647,0.24382983,1.8071661,1.9861348,2.1624076,0.3849009,2.2424984,2.3945916
1142,10.225112,0.25525266,1.807298,1.802003,2.5282269,0.39890146,2.242068,2.26351
1143,10.105614,0.24567877,1.8079075,2.023137,2.274845,0.3889864,2.2418826,2.1912916
1144,9.673464,0.2546962,1.808032,2.018429,2.0048676,0.39517882,2.2421367,2.6333847
1145,11.302181,0.25178635,1.8081983,1.9317164,2.3324046,0.39518106,2.2423117,2.40884
1146,9.244228,0.24327393,1.8078256,2.1149764,1.9222902,0.39030933,2.242462,2.7842364
1147,11.408145,0.24897274,1.8080887,1.7141061,2.272506,0.38653356,2.2415934,2.593938
1148,10.13823,0.25597686,1.8084589,2.0050368,1.580121,0.40083447,2.2418365,2.8602648
1149,12.85227,0.25830463,1.8085102,1.498083,2.754605,0.3982295,2.2419517,2.1063888
1150,11.5775,0.24854615,1.8084129,1.6960099,1.9686656,0.39329013,2.243012,2.3809102
1151,10.701705,0.24605718,1.8089913,1.961203,1.9766809,0.38652557,2.2449265,2.715238
1152,11.653562,0.24674664,1.809152,1.6697689,1.9060758,0.3874324,2.24537,2.7061715
1153,11.460265,0.25423995,1.809393,1.6513737,2.501076,0.3933917,2.2464447,1.9920745
1154,11.814258,0.24780294,1.8093268,1.7452234,2.4396665,0.38697442,2.2463305,2.40799
1155,11.797711,0.2436703,1.8092664,1.6837198,2.2192748,0.3943674,2.2470188,2.2411046
1156,10.813745,0.25082687,1.8094118,1.982427,1.376127,0.39361894,2.2462418,3.3836021
1157,9.571382,0.24929628,1.8097609,1.7669842,1.7183716,0.39383778,2.2461848,2.0936832
1158,12.057673,0.25356552,1.8093884,1.6657764,2.1421902,0.3936892,2.2462614,2.1850035
1159,10.318438,0.24310903,1.8091726,1.9379396,2.3159568,0.39012656,2.2461162,2.498067
1160,12.746822,0.24976481,1.8090382,1.5100609,1.7981863,0.3900672,2.245801,2.6871622
1161,12.461864,0.24880971,1.8088298,1.622671,2.3997755,0.38870212,2.2453458,2.2184114
1162,11.44033,0.24813212,1.8089947,1.7173183,2.245012,0.39015874,2.2479224,2.0494044
1163,9.881124,0.25069386,1.8088889,2.0163975,1.9113741,0.39181918,2.2480898,2.16202
1164,12.690262,0.25598022,1.8084491,1.5556482,2.0996835,0.39777383,2.2493806,2.4636583
1165,10.753502,0.24264227,1.8082957,1.7835195,2.0281012,0.38116932,2.2483957,2.9418793
1166,11.504956,0.24042867,1.8085574,1.7742534,2.2769816,0.3843761,2.2484946,2.2776039
1167,9.148038,0.24384928,1.8086252,1.97522,2.201923,0.38772547,2.247982,2.1006126
1168,8.878241,0.24416438,1.8084112,2.0859966,2.035489,0.3897005,2.2480001,2.3782184
1169,10.472894,0.2560194,1.808368,2.0998168,2.076271,0.39946896,2.2479293,2.5918477
1170,11.4891815,0.24238107,1.8082627,1.7296926,1.8371819,0.38668737,2.2466476,2.6805696
1171,11.758988,0.2603526,1.8082933,1.6386305,2.1808722,0.40118375,2.245933,2.0518491
1172,12.4809265,0.25569424,1.808383,1.6436849,2.1829636,0.39280075,2.2470868,2.3136187
1173,9.011303,0.25018886,1.8081397,2.279149,2.4970233,0.39452907,2.246744,2.3076313
1174,11.615572,0.24596669,1.808305,1.6049507,2.5260892,0.38540754,2.2471497,2.5644445
1175,10.404651,0.24927822,1.8080541,1.9046091,1.9467359,0.3886544,2.2483165,2.5827334
